eid,rate,length,wcount,avgWordLength, noOfSentences,noOfLongWords,VBall,CCcount, CDcount, DTcount, EXcount,INcount, JJcount, MDcount, NNcount,NNPcount, PRPcount, RBcount, TOcount,VBcount, VBDcount, VBGcount, VBNcount,VBPcount, VBZcount, WDTcount, WPcount, WRBcount
861,5,2733,430,4.69,28,143,95,28,0,38,0,42,33,5,98,1,27,20,20,26,16,16,5,21,11,1,4,7
868,4,1701,288,4.50,17,80,52,6,3,20,0,46,19,10,73,1,13,19,8,15,1,8,6,10,12,0,1,0
872,3,1904,322,4.53,22,95,65,6,3,31,2,35,32,7,69,0,18,18,18,20,9,6,9,9,12,0,2,5
887,4,1872,325,4.40,18,104,66,14,0,46,0,37,27,10,76,0,11,15,14,28,1,6,11,12,8,1,0,0
889,3,1623,327,3.67,21,45,58,15,0,46,1,29,24,19,67,0,22,20,16,32,1,1,7,1,16,2,0,1
901,3,1492,281,3.96,16,64,44,20,3,21,0,39,29,7,41,0,37,23,1,9,6,1,2,7,19,1,1,4
907,4,2200,349,4.92,25,116,66,19,3,20,0,43,30,7,84,0,31,19,11,29,3,4,4,21,5,0,2,0
921,5,3061,486,4.74,34,153,93,27,6,27,0,62,30,18,118,4,51,21,17,45,1,9,5,25,8,0,3,3
922,2,1581,258,4.81,12,82,49,13,5,15,1,22,27,6,64,0,10,10,16,22,1,1,1,16,8,3,3,2
944,4,2746,482,4.37,24,137,86,10,4,72,1,52,39,11,124,2,22,25,15,27,2,3,15,10,29,4,0,3
952,4,2300,381,4.66,22,128,69,14,1,55,2,40,30,7,84,1,15,28,17,21,0,4,6,22,16,0,7,2
970,4,1872,307,4.80,17,111,43,6,0,35,0,50,41,8,83,2,11,13,5,13,0,1,7,10,12,2,2,0
971,4,2106,335,4.74,20,116,72,16,0,25,0,39,25,13,83,1,20,11,18,34,5,6,2,14,11,1,0,0
972,4,2282,355,4.78,19,134,60,8,0,39,0,51,49,10,102,1,9,18,8,18,0,4,13,12,13,2,3,2
975,4,978,149,4.96,8,51,26,3,4,12,2,17,13,4,40,0,3,9,5,7,2,1,3,4,9,3,2,0
978,4,1809,298,4.69,16,88,55,8,4,40,0,41,33,3,54,3,16,15,6,11,1,1,8,17,17,0,2,0
988,5,2508,381,5.08,23,142,69,8,0,49,2,47,32,16,90,24,8,20,12,24,4,5,8,7,21,3,0,2
994,5,2120,337,4.87,19,127,70,8,1,36,1,46,21,12,97,1,9,20,8,23,12,7,9,16,3,2,3,0
1002,3,1459,228,4.82,12,87,38,3,0,41,0,33,17,10,68,0,3,11,9,17,0,2,9,5,5,0,0,1
1003,4,1963,322,4.72,14,116,41,6,1,39,1,53,35,5,78,20,7,16,5,12,0,0,4,13,12,2,0,4
1004,5,2870,463,4.77,21,174,79,6,0,70,0,62,37,23,137,0,4,19,25,41,1,6,17,5,9,0,1,1
1012,3,2438,369,5.22,22,153,66,8,5,60,1,38,30,17,98,1,1,21,15,30,4,4,6,8,14,3,1,1
1017,3,1271,195,5.00,10,86,31,6,1,18,2,23,17,6,58,3,5,16,5,9,1,3,6,2,10,3,0,0
1018,4,2624,441,4.58,22,134,62,8,3,55,4,74,47,9,99,24,8,22,7,16,2,4,4,17,19,5,1,1
1022,2,1054,207,3.70,13,28,45,8,2,23,2,19,7,3,47,0,18,5,9,14,14,5,3,3,6,0,1,0
1024,5,4168,687,4.63,31,228,119,30,6,83,3,87,63,11,166,0,18,48,23,34,12,7,18,23,25,2,6,9
1037,3,3724,604,4.78,25,221,86,38,5,81,0,73,65,14,150,3,13,25,25,28,5,11,9,9,24,6,8,2
1039,5,3057,450,4.75,27,174,85,8,0,55,0,65,62,12,133,2,14,24,16,26,2,6,18,13,20,2,3,3
1040,5,3915,620,4.86,24,221,93,24,9,63,1,83,66,9,181,0,7,31,22,25,7,11,22,16,12,6,3,2
1043,4,2368,390,4.80,21,137,71,4,1,54,1,44,31,16,96,8,9,18,18,35,5,3,7,1,20,8,1,2
1051,5,3493,578,4.55,19,197,82,26,3,66,3,77,53,7,147,19,12,24,20,24,13,8,9,16,12,1,11,4
1053,5,1899,294,4.97,17,111,48,6,1,33,0,34,29,8,83,13,3,20,8,15,0,4,8,3,18,1,0,0
1059,3,2323,365,5.01,20,129,73,13,0,33,1,39,50,6,78,3,16,29,17,22,4,2,6,24,15,2,1,5
1062,5,3351,535,4.75,20,187,82,19,3,64,1,72,64,7,124,8,17,28,9,18,13,3,7,18,23,8,6,4
1070,3,2223,386,4.31,23,112,69,10,2,55,2,47,40,6,97,3,7,25,20,24,1,6,9,7,22,1,0,0
1072,3,2516,377,4.99,19,153,50,8,12,46,3,60,39,6,109,13,7,17,7,12,4,2,10,4,18,2,0,0
1073,3,1804,280,4.93,15,103,44,3,1,28,0,42,31,10,85,1,7,9,12,20,1,3,8,3,9,1,0,0
1074,3,2126,324,4.70,17,124,42,7,5,46,1,62,39,4,91,19,2,11,11,9,3,3,8,5,14,1,0,0
1075,4,3027,479,4.89,23,179,74,16,0,55,3,55,57,11,134,11,10,25,16,24,2,7,14,10,17,5,3,0
1077,4,1673,259,4.84,12,98,49,13,0,16,0,31,35,5,69,6,4,16,6,11,0,9,7,7,15,1,2,3
1078,4,2428,415,4.45,23,114,76,6,1,33,2,59,33,20,87,2,36,26,13,31,4,7,4,20,10,3,5,2
1081,5,3451,527,5.09,23,212,81,21,4,41,0,66,65,8,147,2,13,26,27,30,1,1,11,17,21,8,3,3
1086,5,2859,456,4.83,22,154,83,16,0,40,3,61,40,9,125,3,12,16,20,29,2,12,6,17,17,2,4,4
1108,4,2814,464,4.52,20,164,71,24,4,31,2,70,35,10,144,4,12,19,15,23,4,4,7,18,15,3,4,1
1093,5,2890,440,5.12,15,175,72,15,2,42,0,56,59,13,113,1,11,25,12,29,2,15,3,12,11,2,0,3
1096,3,2304,367,4.81,22,120,67,17,1,30,1,50,14,7,95,0,25,33,4,13,1,7,3,18,25,4,3,4
1097,4,3083,485,4.91,18,171,67,33,2,56,1,73,39,7,145,8,4,19,9,18,5,5,18,9,12,4,0,2
1101,4,3049,477,4.93,22,157,73,28,2,70,0,65,50,4,127,12,7,12,17,25,7,10,6,12,13,0,2,0
1102,4,3035,485,4.89,26,183,87,16,1,36,1,69,50,12,132,0,20,26,10,20,3,7,16,13,28,6,4,7
1105,4,2813,465,4.55,29,154,85,18,2,44,1,58,53,4,131,3,9,26,23,29,3,7,11,23,12,2,0,2
1107,4,3121,525,4.54,17,151,102,15,1,69,1,58,38,13,124,18,11,27,29,37,2,11,12,19,21,6,6,5
1114,4,2869,464,4.78,26,174,98,11,2,53,2,45,53,12,110,0,10,26,21,35,10,1,19,15,18,6,7,2
1117,3,1781,289,4.84,14,109,52,10,0,36,0,31,24,8,77,5,6,20,15,19,1,5,10,0,17,3,0,0
1118,3,2080,363,4.36,26,99,61,12,3,39,3,46,33,9,92,2,24,27,5,17,7,3,4,9,21,2,0,0
1119,5,2837,440,5.02,15,176,76,8,0,43,1,64,44,7,118,1,11,30,17,16,10,9,12,6,23,4,2,1
1128,2,2149,364,4.50,21,108,59,17,5,43,1,40,37,8,92,3,11,19,10,16,2,7,8,7,19,3,3,2
1131,4,3448,652,3.94,36,137,122,38,2,67,3,71,53,25,120,3,39,50,20,49,0,12,11,20,30,6,4,4
1132,3,2377,417,4.44,23,111,75,8,4,61,5,41,38,16,87,2,16,31,20,33,4,8,4,9,17,3,2,2
1133,4,1770,292,4.48,19,87,60,8,1,21,0,32,24,7,73,19,7,24,11,21,0,8,6,16,9,0,6,0
1135,4,2538,391,5.03,16,153,59,11,7,40,1,56,49,6,102,9,11,14,6,15,10,6,6,7,15,3,1,0
1136,5,2089,317,5.05,18,122,54,5,3,19,0,41,44,11,90,0,9,16,16,25,0,2,12,9,6,2,1,2
1137,3,2911,475,4.76,28,160,90,30,1,45,1,55,40,6,112,3,12,25,36,48,0,9,7,16,10,0,1,4
1138,3,3040,494,4.78,27,172,87,24,4,57,2,54,52,10,134,5,9,21,19,25,8,8,11,18,17,4,2,4
1140,3,2769,428,4.98,23,165,58,28,2,42,0,53,58,3,138,1,4,19,9,17,1,11,5,6,18,0,0,0
1141,3,3042,476,5.04,25,186,83,27,9,39,0,51,42,4,138,4,13,21,31,34,9,9,2,13,16,2,0,4
1142,4,2759,485,4.35,26,141,88,16,3,50,6,53,55,8,116,7,17,23,18,22,6,11,14,17,18,7,6,2
1143,5,2787,427,5.09,16,170,74,13,3,46,0,58,45,14,116,1,6,30,13,26,6,10,13,5,14,2,1,1
1144,5,2974,489,4.74,24,178,71,34,5,51,0,49,51,12,116,6,9,19,28,43,1,1,8,6,12,0,0,4
1152,5,2969,486,4.74,15,185,72,6,2,65,0,80,29,12,113,14,12,32,22,28,4,4,8,8,20,5,2,3
1155,5,3522,516,5.35,26,221,64,30,5,55,0,66,72,14,150,11,3,12,14,27,2,8,13,7,7,1,0,1
1156,5,2952,475,4.80,21,182,75,11,0,57,1,68,40,14,102,31,10,35,16,29,5,5,12,3,21,1,2,2
1163,5,1794,286,4.80,19,106,50,8,2,29,1,43,33,6,78,2,6,14,9,12,1,7,8,10,12,0,0,1
1165,2,1641,276,4.52,17,93,45,7,2,33,1,32,24,5,74,1,10,14,11,13,6,1,7,10,8,2,1,3
1166,3,3109,528,4.41,28,175,90,32,6,64,4,51,43,9,138,16,5,32,19,29,16,8,5,20,12,2,2,2
1167,3,3182,491,5.02,25,193,87,28,6,40,0,52,71,6,133,7,9,18,17,27,5,10,14,10,21,2,0,2
1168,4,2562,403,4.98,17,156,50,11,2,58,1,57,23,14,130,0,14,12,9,20,5,2,3,15,5,0,5,1
1173,4,2442,395,4.75,25,129,73,10,0,37,1,57,38,10,103,2,11,27,14,25,0,13,11,6,18,1,1,5
1174,3,1615,269,4.70,13,80,41,7,4,31,4,41,23,10,65,4,6,23,2,14,6,4,2,7,8,3,2,0
1175,3,2692,413,5.18,19,151,56,15,1,42,1,61,52,7,123,2,4,23,10,16,2,2,14,3,19,4,0,0
1176,5,3339,537,4.66,24,165,90,9,5,68,2,83,40,9,160,0,6,32,16,24,1,24,8,13,20,5,1,0
1177,4,2960,441,5.29,19,186,63,21,1,39,0,65,57,8,123,6,6,14,15,22,0,2,13,12,14,4,1,0
1178,4,3035,491,4.81,21,184,75,9,4,58,0,63,37,10,116,46,7,31,21,22,7,10,10,10,16,0,1,0
1179,4,2617,413,4.86,18,156,58,17,6,32,0,62,33,13,118,13,5,21,15,25,2,7,6,8,10,2,0,0
1180,4,2651,448,4.45,32,115,96,16,2,34,3,49,47,16,89,5,19,49,9,26,11,16,16,11,16,1,1,5
1181,4,1907,353,4.10,18,66,65,12,0,50,7,35,42,17,75,1,10,18,7,23,8,2,13,8,11,7,1,4
1183,3,3135,476,5.27,25,202,60,28,2,43,0,65,81,7,139,3,11,22,9,20,1,9,5,14,11,0,0,0
1187,4,3193,481,5.21,20,198,79,28,4,46,0,53,59,7,118,13,6,22,24,32,1,7,15,9,15,2,2,2
1188,5,2668,411,5.07,19,162,57,11,2,42,1,54,64,11,92,8,11,30,15,25,0,3,11,11,7,2,1,0
1189,3,2007,289,5.48,17,123,37,18,0,20,0,50,36,8,88,0,5,16,3,11,0,6,7,10,3,2,0,0
1191,3,1619,266,4.44,15,83,58,11,1,19,1,36,32,7,64,1,17,18,0,8,8,11,7,12,12,1,2,1
1193,4,2956,447,5.16,17,182,50,29,1,40,0,66,51,8,140,2,4,21,15,20,2,9,4,10,5,0,1,2
1194,4,2693,417,5.07,24,162,66,16,8,46,4,56,53,2,107,6,5,26,3,4,4,4,17,14,23,7,1,1
1195,4,2631,387,5.29,19,158,66,31,3,29,0,42,50,12,101,9,5,14,11,24,8,7,13,7,7,4,0,0
1196,3,2446,422,4.39,30,113,79,12,1,47,1,48,30,12,100,17,18,23,22,33,0,4,3,19,20,1,6,3
1197,3,2430,405,4.60,21,117,71,18,0,46,3,51,37,4,108,8,5,21,15,18,7,3,15,13,15,4,0,1
1198,4,2141,351,4.80,14,127,44,7,1,49,0,54,27,10,105,2,4,23,8,12,1,2,10,6,13,2,0,2
1199,4,2700,413,5.20,17,179,67,6,1,49,0,53,52,18,104,1,13,21,14,36,0,1,9,5,16,3,3,1
1201,3,1794,289,4.82,18,104,43,6,2,33,2,41,34,8,79,4,6,14,9,17,0,2,7,4,13,1,0,1
1203,5,3095,531,4.44,28,140,97,15,8,53,2,66,45,8,120,3,33,35,25,29,13,14,7,16,18,0,5,4
1204,3,1702,268,4.91,13,94,41,7,3,22,0,33,44,6,69,6,7,9,6,13,3,6,4,9,6,3,1,2
1209,3,2298,347,5.09,17,143,66,11,1,20,0,43,38,12,104,0,9,12,12,22,4,11,10,7,12,6,2,4
1213,4,2325,433,4.04,23,89,83,17,4,49,3,52,24,14,72,9,44,29,7,24,13,7,2,16,21,3,11,5
1215,3,2448,445,4.18,32,104,83,18,2,39,8,41,36,13,107,1,25,38,18,32,0,7,6,19,19,5,1,3
1217,4,1983,312,4.94,21,104,48,9,9,30,3,47,28,7,75,6,12,22,4,13,6,1,9,13,6,0,0,3
1218,4,2046,356,4.43,17,108,58,12,0,33,1,44,46,17,83,3,15,16,10,25,0,4,8,15,6,1,4,4
1219,4,2388,397,4.63,25,115,71,9,2,44,0,47,26,12,85,34,15,22,16,23,0,3,4,23,18,2,5,4
1220,5,2874,511,4.24,24,144,100,9,1,75,3,76,33,10,124,0,8,35,20,21,0,9,29,15,26,9,1,3
1221,4,3018,497,4.49,22,162,105,10,3,73,1,71,34,14,108,2,24,31,10,32,2,18,13,13,27,5,0,1
1223,2,2082,345,4.52,15,107,48,26,9,37,0,54,35,6,90,3,10,12,7,13,4,4,8,7,12,4,1,0
1224,4,2040,316,5.02,16,109,51,14,0,31,0,49,27,15,76,0,13,17,6,20,2,9,8,4,8,0,6,2
1225,4,2928,486,4.68,21,157,79,11,4,67,3,61,58,13,104,5,20,34,12,24,8,4,16,11,16,5,0,1
1227,2,2531,382,5.14,20,146,50,19,1,42,2,54,34,8,122,7,8,23,9,15,3,7,5,6,14,3,0,0
1228,4,2078,326,4.83,15,116,49,14,0,12,1,50,33,10,104,7,12,17,6,16,3,8,5,7,10,1,2,0
1229,4,2609,428,4.60,25,126,67,15,5,34,2,61,57,4,120,5,12,21,13,16,0,13,7,17,14,2,0,1
1230,4,2218,353,4.87,19,136,59,12,2,51,2,38,29,11,93,5,7,22,10,20,4,5,11,5,14,2,5,1
1231,3,1897,300,4.86,17,118,64,15,2,38,2,36,33,6,60,2,9,15,14,28,12,6,5,3,10,0,0,2
1248,4,2221,363,4.73,19,137,65,11,3,47,4,52,30,12,92,5,4,17,10,21,12,3,17,4,8,1,5,2
1250,4,1995,301,5.13,16,122,58,10,3,19,0,32,48,6,77,2,9,10,13,15,6,11,8,7,11,2,0,2
1251,5,2171,389,4.26,22,85,77,9,3,37,4,44,37,13,65,2,30,27,11,24,8,11,6,14,14,3,4,2
1253,3,2234,371,4.38,20,110,52,20,2,50,0,57,42,11,80,5,13,19,6,19,5,4,5,7,12,2,1,2
1252,5,1999,352,4.30,17,109,73,13,0,42,1,44,21,13,68,12,10,24,9,22,4,11,16,5,15,3,1,0
1255,5,2843,439,5.06,24,163,85,18,1,40,0,46,52,10,116,4,16,22,17,24,9,16,12,13,11,5,0,2
1257,5,1480,264,4.30,13,77,37,7,8,23,1,39,32,9,58,2,13,19,3,11,4,2,5,10,5,1,0,0
1261,3,2080,353,4.44,22,90,64,7,4,35,0,41,22,16,84,2,31,35,14,29,1,4,2,15,13,0,1,3
1262,3,2273,336,5.23,15,130,58,12,1,28,1,48,34,6,101,5,8,17,5,11,14,14,9,5,5,4,1,3
1263,4,1842,329,4.17,21,77,72,11,1,25,5,39,44,14,47,2,18,25,11,22,1,16,4,17,12,6,1,0
1265,4,3256,575,4.22,28,137,97,23,4,81,0,79,44,12,150,6,21,17,16,32,17,7,12,15,14,3,2,5
1269,2,1938,308,4.98,12,121,47,7,7,21,0,51,19,8,101,0,8,17,7,16,5,4,7,5,10,2,1,0
1270,5,2641,436,4.65,19,142,70,8,0,60,5,58,49,15,110,6,7,26,8,22,2,19,6,5,16,2,0,0
1271,3,2428,387,4.79,19,135,67,23,4,34,0,53,35,7,95,3,14,27,12,18,4,14,12,5,14,1,2,1
1274,2,1703,277,4.75,18,97,42,12,3,28,1,37,34,8,84,3,8,12,8,16,7,1,2,10,6,1,1,0
1281,3,3342,530,4.95,24,186,83,12,1,59,1,75,65,15,111,16,22,35,12,22,15,13,15,7,11,4,0,1
1282,2,1623,271,4.46,21,93,44,6,2,22,2,28,42,13,59,0,21,23,8,16,0,0,6,11,11,0,0,1
1283,3,2207,363,4.64,19,116,69,8,1,56,0,50,25,9,75,25,8,28,5,18,2,5,2,5,37,1,1,0
1285,4,2546,421,4.64,26,126,75,11,2,48,1,50,29,14,92,31,12,28,18,30,0,4,5,11,25,1,1,3
1288,4,1746,285,4.79,13,114,36,5,2,29,4,52,33,7,88,4,3,9,2,9,5,2,4,8,8,1,1,1
1289,4,2948,492,4.52,20,156,105,17,3,48,0,62,39,13,102,1,16,40,22,31,0,4,23,24,23,4,6,7
1290,3,1949,359,4.18,20,64,59,6,6,40,5,30,21,14,95,3,16,21,14,27,3,4,4,6,15,3,0,5
1291,3,1989,311,4.94,22,103,69,12,0,18,1,30,40,4,76,2,17,12,17,22,3,16,11,8,9,2,0,0
1292,3,2733,422,5.15,19,173,53,19,2,41,0,61,56,7,117,0,21,19,14,23,9,3,5,7,6,1,0,3
1298,2,2501,399,4.87,23,145,71,17,1,44,1,49,41,10,100,6,11,22,6,18,4,8,11,13,17,6,3,2
1299,4,2279,402,4.37,19,117,70,15,1,47,0,48,41,8,106,5,19,13,14,20,10,3,14,13,10,2,2,2
1300,3,1577,261,4.61,15,79,48,5,1,22,1,50,19,8,71,0,10,15,4,14,0,7,10,3,14,0,0,0
1304,3,1431,234,4.48,14,80,38,11,0,29,0,32,19,0,67,8,6,6,7,3,5,7,3,16,4,1,0,0
1306,3,3222,542,4.62,24,161,99,22,0,54,0,76,62,10,111,3,25,26,31,39,9,11,13,10,17,2,0,0
1309,5,3749,625,4.80,36,177,100,17,4,72,3,82,59,7,144,12,27,27,14,30,2,6,7,19,36,3,3,12
1314,3,1825,283,5.01,18,110,47,6,0,27,0,41,37,8,74,0,16,13,7,14,1,3,8,9,12,0,0,0
1315,4,3066,515,4.55,18,149,88,18,6,43,2,81,61,7,121,2,7,35,16,18,5,12,21,10,22,4,5,7
1316,3,1725,283,4.61,12,89,35,12,4,14,2,41,37,3,82,1,11,14,5,8,2,2,4,6,13,3,0,0
1317,3,2618,455,4.32,27,109,72,8,2,48,2,61,40,14,99,8,33,34,12,22,11,11,3,12,13,1,1,6
1319,3,2378,385,4.84,18,133,67,11,1,55,1,51,43,12,77,10,8,21,10,20,0,5,12,6,24,1,0,2
1321,3,2434,370,5.13,24,134,64,10,1,17,0,52,25,12,90,0,30,32,10,21,1,8,6,19,9,3,2,5
1323,4,1964,319,4.83,17,116,46,7,3,28,0,46,46,12,82,1,12,18,6,17,1,5,7,7,9,3,1,1
1324,5,4037,636,4.89,27,246,114,26,2,65,2,86,46,19,155,17,16,36,27,41,2,12,15,14,30,5,1,0
1326,5,3112,530,4.36,28,148,101,14,3,68,0,69,25,9,111,16,36,24,24,31,20,9,8,17,16,4,8,4
1327,3,2487,427,4.44,21,122,60,20,2,48,1,54,41,13,126,5,12,20,16,20,4,7,8,8,13,2,0,3
1329,3,2397,388,4.76,17,148,53,10,0,44,1,65,54,4,104,8,7,18,7,12,3,11,3,9,15,1,0,2
1332,4,4323,760,4.35,38,215,148,24,0,79,1,99,52,30,160,0,59,43,30,55,3,19,11,29,31,2,1,15
1333,3,2251,351,5.04,15,137,64,18,0,18,0,43,34,10,81,2,19,34,13,27,2,4,8,13,10,3,3,0
1334,3,2051,329,4.82,21,109,57,6,1,25,1,40,35,13,78,0,15,24,14,27,6,3,2,13,6,3,1,4
1335,3,2797,457,4.72,25,167,58,20,4,38,2,71,51,12,137,14,15,15,13,20,3,4,7,13,11,0,1,2
1336,3,1537,266,4.35,16,72,44,5,1,33,2,35,18,11,70,1,8,18,8,20,1,1,5,4,13,2,1,0
1337,5,4022,676,4.42,29,200,114,22,3,74,0,96,68,15,142,11,39,49,19,34,8,7,13,21,31,4,6,6
1338,3,1938,316,4.77,12,116,60,5,3,39,0,51,30,9,73,2,6,25,5,12,6,6,19,7,10,1,3,2
1340,3,1815,303,4.57,17,98,47,7,0,38,2,48,21,10,84,4,7,14,6,12,1,4,9,11,10,1,2,1
1344,3,2381,421,4.26,27,99,81,16,1,30,3,44,38,23,74,4,43,27,17,41,6,6,3,10,15,4,2,4
1345,4,2247,376,4.56,24,110,62,6,0,40,2,38,35,18,113,1,10,24,17,26,2,8,7,13,6,2,2,0
1346,5,2843,474,4.60,18,149,71,8,4,59,0,74,25,19,114,1,23,46,11,30,13,5,5,8,10,1,1,3
1347,3,2327,364,4.97,17,138,50,5,5,54,2,50,37,16,101,0,4,31,9,17,1,5,9,2,16,2,0,1
1349,3,1531,259,4.54,18,81,38,4,3,33,2,35,27,6,48,20,4,26,9,14,8,1,2,3,10,1,0,0
1351,4,1741,285,4.57,13,92,47,6,4,34,3,44,20,9,82,2,8,15,4,14,9,2,12,4,6,4,0,3
1352,3,1872,304,4.68,27,105,41,5,15,20,1,40,31,6,85,10,14,21,5,9,8,6,1,6,11,0,0,2
1353,4,2588,417,4.75,20,138,86,14,1,35,2,57,43,6,103,4,12,20,16,23,6,14,13,15,15,6,5,1
1359,4,2404,381,4.78,22,135,72,8,0,33,0,54,33,4,99,9,8,23,13,12,2,6,17,19,16,5,1,0
1360,3,1602,254,4.93,13,99,49,8,8,29,1,25,26,5,74,2,5,7,6,14,3,1,1,14,16,4,5,0
1362,3,2157,349,4.74,19,109,48,17,5,29,0,37,42,16,99,2,13,22,4,21,0,8,0,8,11,7,1,1
1363,4,2584,418,4.80,16,160,61,10,2,51,0,63,53,7,106,6,6,14,15,21,3,4,9,8,16,7,0,0
1364,4,2464,400,4.64,22,147,64,15,0,37,1,55,50,13,103,2,19,23,3,15,6,3,14,10,16,0,2,0
1365,3,2211,352,4.89,24,126,59,6,3,44,3,45,42,7,81,8,12,15,13,20,3,5,3,8,20,1,3,1
1366,3,2782,480,4.35,36,147,95,21,2,50,2,50,22,15,115,1,41,26,16,31,2,3,13,26,20,2,8,3
1367,5,3038,468,5.04,22,188,70,15,4,53,1,58,46,25,119,8,9,37,9,36,1,4,9,5,15,0,0,0
1368,4,2355,409,4.37,14,117,52,24,3,42,2,60,37,10,104,5,9,29,11,17,6,5,9,5,10,5,4,1
1371,4,2278,331,5.28,17,143,61,17,0,30,2,33,37,9,86,13,7,18,4,18,0,4,9,9,21,0,2,2
1372,4,2508,430,4.39,25,113,68,14,0,43,2,64,29,16,99,6,35,31,11,27,4,6,3,11,17,1,0,6
1373,3,2137,365,4.53,22,107,76,10,1,28,5,45,35,11,78,5,16,29,7,16,4,5,19,14,18,6,2,1
1576,4,2138,349,4.76,16,123,58,3,1,53,0,53,21,17,99,2,5,19,9,26,1,5,11,3,12,1,0,0
1577,3,2197,326,5.25,18,137,59,8,2,28,0,40,47,8,85,2,9,13,11,20,1,2,10,18,8,5,0,0
1578,3,3007,488,4.66,27,176,64,19,5,44,0,80,52,3,121,17,17,33,7,9,17,5,8,13,12,1,0,4
1579,4,2635,411,4.93,27,151,67,8,1,49,6,51,44,13,107,6,2,43,11,29,5,0,3,11,19,0,4,2
1581,2,2014,323,4.78,15,102,58,23,0,25,0,44,20,4,81,8,21,17,6,16,13,2,14,12,1,5,0,2
1584,2,1922,271,5.34,17,119,45,6,0,26,2,37,41,11,68,3,9,16,5,14,0,4,10,10,7,2,1,0
1593,4,1933,300,5.05,16,123,45,14,0,36,0,40,28,8,72,12,7,14,8,13,1,5,3,7,16,4,0,0
1594,5,2797,452,4.84,21,163,76,12,2,55,1,64,48,15,107,1,17,28,15,34,0,12,9,10,11,0,1,0
1595,4,2575,422,4.63,18,134,66,20,10,38,0,52,39,5,111,4,13,26,19,19,2,4,6,10,25,5,2,2
1596,3,2683,413,4.97,23,168,63,14,2,30,0,49,44,12,120,0,18,37,14,24,1,6,7,13,12,4,2,0
1597,3,1683,283,4.65,16,88,39,5,0,26,6,36,39,14,62,2,5,26,8,18,2,6,3,3,7,5,0,0
1600,3,2006,315,4.95,16,127,53,8,4,28,0,49,29,7,85,0,11,14,16,25,0,6,3,9,10,1,0,4
1601,3,2513,442,4.26,18,120,75,15,2,58,1,66,39,14,93,5,21,27,17,27,8,7,13,5,15,3,2,2
1603,3,2011,335,4.66,22,124,61,13,2,32,0,47,34,7,81,1,20,20,6,15,5,3,5,8,25,1,4,1
1604,3,1810,284,4.93,17,101,59,2,0,40,1,35,24,3,72,1,11,17,11,9,0,2,12,13,23,1,1,4
1605,3,2236,363,4.79,24,124,59,13,1,52,0,49,35,4,87,2,14,22,12,15,2,3,4,17,18,0,1,1
1607,3,2183,358,4.53,21,123,68,14,6,37,0,29,33,7,90,2,11,18,31,38,3,4,4,6,13,1,2,0
1608,3,2063,313,5.27,19,131,50,9,0,23,0,47,43,13,86,7,9,17,4,18,6,6,7,3,10,3,0,3
1611,3,1815,284,5.05,17,112,50,7,3,33,1,41,16,7,85,1,9,14,10,10,3,5,9,6,17,1,0,2
2561,4,2926,474,4.89,25,162,65,8,4,66,8,70,51,24,131,5,4,23,10,34,1,3,5,2,20,0,1,0
2560,4,1829,298,4.56,18,99,43,8,5,41,2,41,22,10,76,19,3,23,5,18,0,3,3,5,14,1,0,0
1615,3,3325,535,4.86,25,179,85,22,0,72,1,60,37,25,120,38,7,25,16,46,0,3,8,8,20,3,4,4
1616,2,1637,264,4.74,14,95,40,5,7,36,3,42,15,8,77,0,2,13,9,16,5,3,4,5,7,3,0,0
1617,2,1793,287,4.75,16,101,43,5,2,29,3,52,17,10,68,16,4,14,5,13,1,1,6,3,19,1,1,0
1618,4,2759,486,4.36,17,126,94,12,0,77,1,61,39,13,99,1,14,23,37,41,3,7,12,19,12,1,3,0
1622,4,2059,319,4.93,22,117,44,6,0,20,0,57,41,11,78,0,33,21,1,14,0,3,1,15,11,0,0,4
1624,4,2076,335,4.57,22,117,75,3,0,26,2,45,32,8,81,1,19,22,10,23,7,5,7,15,18,0,1,2
1626,3,1891,288,4.94,14,120,47,2,2,29,1,48,33,8,92,0,5,16,6,14,2,3,7,8,13,0,0,0
1627,4,2585,416,4.83,21,137,69,20,0,42,4,57,44,2,117,8,4,20,14,16,7,0,15,10,21,5,0,0
1628,3,2145,349,4.62,20,108,61,18,2,55,0,30,25,3,91,2,18,16,11,11,3,6,10,19,12,2,2,3
1629,3,2425,396,4.69,23,130,55,10,3,26,0,62,51,12,114,6,6,20,14,18,2,9,6,4,16,0,3,0
1630,3,2218,367,4.61,18,119,67,14,0,43,1,53,44,7,94,1,8,19,7,14,1,3,17,16,16,3,0,1
1631,4,2328,349,5.17,23,139,55,11,2,18,0,47,24,15,87,1,27,28,10,21,1,6,5,14,8,1,2,3
1632,4,2334,417,4.28,17,83,63,6,6,53,1,77,25,12,117,3,11,19,9,17,8,10,10,2,16,3,1,6
1634,3,1794,314,4.37,19,102,43,11,0,48,0,35,32,8,72,3,27,18,5,15,9,1,3,10,5,0,1,3
1635,3,1832,285,4.92,17,113,45,12,0,27,2,38,27,7,77,0,13,25,8,13,1,4,1,22,4,0,1,1
1636,3,1647,276,4.33,19,63,60,3,2,17,0,26,13,11,73,0,19,20,12,22,5,6,2,19,6,1,5,3
1637,3,1654,269,4.58,16,85,41,6,0,24,0,30,32,6,72,0,12,14,5,8,0,2,3,19,9,3,1,0
1638,4,1855,301,4.70,18,97,46,9,0,36,3,42,25,14,85,1,12,12,7,21,1,4,6,7,7,0,2,0
1641,4,2063,319,4.97,19,131,67,7,3,27,0,42,26,9,91,3,7,17,16,24,6,3,11,8,15,3,1,0
1640,3,2596,439,4.63,20,137,63,9,7,70,3,60,44,16,105,3,8,33,5,20,3,2,9,8,21,3,1,0
1642,3,2296,369,4.74,23,124,65,9,4,40,0,55,41,2,88,11,9,26,9,13,14,14,8,3,13,1,0,2
1643,4,2098,315,5.17,17,131,52,8,0,38,1,50,27,11,101,0,1,13,3,15,4,4,13,4,12,0,0,1
1647,4,2419,388,4.82,16,137,69,4,2,27,1,48,42,13,114,1,4,21,22,29,5,10,6,12,7,6,1,2
1648,4,2471,373,5.08,20,140,61,16,0,20,0,62,35,5,117,1,8,22,12,14,0,15,5,17,10,1,3,0
1649,3,2353,387,4.81,19,143,62,15,1,29,0,52,25,16,118,6,12,21,18,35,0,4,7,4,12,0,0,0
1650,3,2012,321,4.79,20,113,61,7,3,44,0,41,25,7,86,5,9,19,8,13,10,5,10,4,19,0,1,1
1652,4,2460,381,4.78,25,152,77,13,1,43,2,45,35,14,96,0,22,22,8,19,9,12,8,13,16,2,3,3
1654,4,2534,463,4.17,27,104,77,20,2,41,1,54,49,12,110,4,22,36,23,27,10,1,9,9,21,1,0,0
1655,4,2625,418,4.93,19,150,63,14,4,60,3,66,49,4,101,8,6,24,7,13,8,4,11,4,23,2,4,4
1656,4,2343,379,4.75,19,131,59,15,4,45,2,49,44,7,79,8,19,26,8,17,13,5,7,12,5,0,1,4
1659,4,2561,382,5.11,25,149,73,11,4,36,4,57,45,8,99,2,12,21,7,16,1,4,11,11,30,3,1,2
1660,4,2694,437,4.81,19,158,80,13,4,28,4,58,29,16,120,4,15,31,17,34,4,5,13,6,18,3,2,2
1661,3,1614,263,4.55,22,81,58,3,0,30,0,30,17,9,72,1,12,20,7,15,5,17,1,6,14,0,0,2
1662,4,2553,381,5.16,21,143,74,23,1,9,0,45,36,11,118,5,7,27,9,21,1,18,5,14,15,3,0,3
1664,3,1771,260,5.15,15,112,36,13,0,23,0,32,36,5,87,0,9,11,6,8,3,3,6,6,10,1,1,0
1667,2,2177,332,4.98,16,128,60,14,0,11,0,47,43,9,90,2,11,24,9,17,2,8,3,10,20,0,1,1
1668,3,3026,465,5.16,25,198,79,11,5,52,1,51,51,19,111,8,5,35,14,34,2,4,12,13,14,9,3,1
1669,3,2760,422,4.94,16,161,64,25,2,36,0,43,38,12,129,0,6,35,16,23,1,8,7,20,5,5,1,4
1670,4,1799,287,4.58,14,94,44,10,8,23,1,36,14,8,84,24,5,15,6,19,1,3,2,7,12,1,0,1
1671,3,1784,286,4.68,12,103,36,14,3,28,0,39,25,11,100,8,4,12,6,14,4,6,2,6,4,1,0,0
1672,3,2119,320,5.24,20,139,54,13,1,17,0,43,35,2,96,0,14,19,18,16,1,3,3,9,22,2,2,0
1673,3,1859,306,4.66,16,112,40,1,6,25,1,57,28,7,76,31,4,19,3,10,0,5,4,4,17,2,0,1
1674,4,2994,476,4.88,21,173,63,21,4,66,3,72,38,22,131,8,6,25,8,29,0,3,6,3,22,1,0,0
1676,3,2050,335,4.64,19,103,65,10,2,28,2,40,32,4,63,26,13,15,13,18,16,7,8,7,9,2,5,2
1678,4,1740,292,4.55,15,83,52,8,1,35,0,39,21,5,74,13,9,10,9,11,10,3,8,10,10,1,4,1
1680,4,1992,317,4.69,20,104,64,19,1,28,0,41,32,7,72,11,15,20,3,11,4,3,20,17,9,1,0,0
1681,5,3094,522,4.48,24,146,78,9,8,67,4,73,59,16,128,0,20,36,13,25,10,13,12,6,12,2,0,3
1682,4,2767,417,5.24,23,171,69,10,0,26,0,65,50,8,116,0,7,27,21,32,1,9,5,9,13,0,1,3
1683,4,2185,393,4.16,19,91,72,7,3,50,1,44,32,13,82,9,29,17,14,20,11,6,10,8,17,4,5,4
1684,4,2223,339,5.25,16,145,58,11,1,48,1,41,37,8,87,3,4,21,7,19,6,14,1,4,14,1,3,2
1685,2,1161,201,4.39,8,65,37,3,0,16,0,25,26,2,53,0,8,8,15,11,1,4,4,12,5,0,2,4
1687,3,2624,426,4.84,23,154,66,17,3,41,0,63,42,4,107,0,25,29,13,21,3,8,6,17,11,1,0,3
1688,3,2478,418,4.55,24,135,67,9,0,47,5,62,36,12,111,4,6,30,8,18,1,6,9,13,20,1,6,1
1689,4,3861,627,4.70,23,221,118,37,1,77,0,73,54,10,143,10,16,34,20,32,1,13,19,19,34,6,6,0
1690,3,2041,315,4.85,26,113,62,10,1,17,2,34,40,13,80,2,13,18,11,23,3,5,11,15,5,1,2,0
1692,3,4419,702,4.90,28,253,108,36,3,79,1,93,86,13,177,1,24,51,16,26,6,8,18,20,30,2,1,1
1694,3,2728,435,4.88,29,172,70,9,0,65,0,45,32,27,119,5,17,32,9,39,1,3,2,4,21,0,1,0
1697,4,2334,351,5.18,18,146,50,6,1,42,1,61,46,7,101,0,7,20,7,14,4,2,6,5,19,3,0,0
1700,2,2574,422,4.67,20,150,81,12,1,43,3,53,50,6,106,3,12,20,20,29,5,5,11,17,14,3,3,3
1702,3,1516,251,4.56,13,72,42,5,0,29,1,33,15,6,79,1,11,24,3,9,0,10,4,3,16,0,0,1
1703,3,2187,345,4.82,17,124,52,17,1,24,1,50,20,13,127,1,5,28,5,19,1,5,5,10,12,4,0,0
1705,4,1984,291,5.25,17,120,43,7,1,22,1,45,24,12,91,3,6,15,5,15,1,10,1,3,13,1,1,0
1706,4,3294,528,4.87,24,190,82,26,1,74,4,56,62,11,121,10,15,25,21,22,15,7,14,17,7,2,5,3
1709,3,3172,528,4.47,26,143,89,20,8,76,2,74,33,11,124,9,21,27,10,21,24,16,11,11,6,5,1,6
1710,3,1701,270,4.80,14,101,46,8,0,30,1,27,50,1,57,8,9,24,2,8,1,1,1,11,24,4,0,1
1713,3,2433,394,4.70,18,132,60,18,2,58,1,54,24,16,114,5,7,20,12,24,1,7,7,6,15,2,2,0
1714,3,2045,359,4.22,23,102,73,14,2,34,1,41,27,8,78,1,28,19,17,26,5,5,7,17,13,4,2,1
1715,3,3170,535,4.44,23,146,114,39,0,47,2,51,43,15,107,5,30,42,21,47,1,11,15,21,19,1,5,2
1718,3,2564,383,5.14,22,163,62,14,1,32,4,50,34,15,102,0,14,30,8,18,2,4,12,19,7,1,3,2
1719,4,1901,294,4.92,12,109,49,22,1,22,1,35,36,8,84,2,10,6,5,16,7,5,8,8,5,0,1,3
1723,2,2227,338,5.02,20,145,53,11,0,31,2,49,41,15,81,0,14,27,5,24,1,7,6,7,8,2,1,0
1725,3,2713,407,5.16,19,167,86,17,2,21,0,51,49,1,121,0,6,27,13,13,8,17,19,18,11,4,1,4
1727,3,2061,297,5.46,15,127,54,6,0,24,4,35,48,4,75,1,4,17,10,14,2,3,6,15,14,4,1,5
1728,4,2593,392,5.23,16,176,51,21,1,56,0,49,32,15,123,0,2,19,14,19,1,9,12,2,8,2,0,2
1729,2,2445,403,4.60,23,139,70,12,0,32,0,46,35,16,116,0,20,18,11,32,5,6,4,13,10,4,2,5
1731,4,2248,343,5.08,21,137,61,6,3,37,0,46,40,14,83,7,11,20,12,25,0,10,3,5,18,0,0,1
1734,4,1600,254,4.78,15,87,46,10,0,22,1,35,28,8,66,3,8,20,7,19,4,6,5,8,4,0,0,1
1736,1,2109,366,4.29,20,79,61,9,0,28,1,32,25,11,102,3,31,25,14,21,10,3,3,18,6,1,1,6
1737,3,1831,293,4.76,19,103,47,9,1,19,1,36,13,10,93,3,12,11,15,19,5,4,5,11,3,0,0,2
1738,3,2179,345,4.76,18,115,79,19,2,24,4,61,38,2,80,4,11,10,15,9,2,25,7,12,24,0,0,0
1739,3,1466,227,4.91,15,103,42,7,0,21,1,39,17,7,65,2,7,14,2,8,2,2,11,16,3,3,2,0
1741,2,1773,298,4.34,19,82,47,14,0,35,2,44,28,10,82,2,8,21,4,11,2,2,9,13,10,0,0,1
1742,4,1633,268,4.68,18,85,47,11,1,26,0,35,23,6,66,16,10,13,8,14,8,4,2,17,2,0,1,1
1744,4,1637,265,4.77,12,92,35,9,1,35,0,45,31,2,75,1,4,14,9,9,0,3,3,7,13,0,0,0
1745,4,1894,308,4.78,18,112,47,23,0,28,1,44,34,7,88,1,15,16,8,16,0,2,9,12,8,0,0,2
1746,2,1512,227,4.89,12,90,45,9,1,23,1,31,17,9,64,5,6,12,8,18,3,8,1,7,8,0,1,2
1748,4,2537,423,4.63,20,155,72,11,3,72,1,54,29,17,106,8,6,26,13,29,8,2,13,8,12,2,2,2
1750,2,1725,279,4.78,16,96,52,7,2,27,0,42,25,10,42,38,13,15,4,15,7,2,4,7,17,0,0,2
1752,3,2135,344,4.60,22,107,60,12,3,19,1,45,33,11,95,4,15,23,13,22,4,8,8,7,11,1,0,0
1753,4,2195,375,4.43,23,108,68,8,0,43,2,38,48,14,76,4,17,30,10,24,5,9,6,14,10,6,0,2
1754,3,2191,334,5.11,17,129,52,8,3,45,0,55,25,11,90,4,6,24,7,17,1,4,11,7,12,1,0,2
1756,3,2023,364,4.18,21,86,70,11,1,52,1,29,26,19,77,4,10,30,19,34,5,9,7,8,7,3,4,2
1758,2,2090,331,4.87,16,113,60,6,2,34,5,31,40,14,86,10,7,17,10,29,0,3,4,9,15,2,1,1
1762,3,3429,556,4.79,36,210,92,25,7,61,1,53,54,16,149,6,17,47,12,36,10,9,6,11,20,2,4,5
1763,4,1665,262,4.88,13,85,46,5,0,29,3,28,23,12,64,4,7,15,8,20,6,6,6,7,1,3,1,0
1764,2,1967,313,4.82,19,112,48,14,2,32,1,40,42,8,94,3,8,13,11,19,7,1,3,11,7,1,2,0
1765,2,3803,608,4.94,27,224,98,22,1,37,2,80,60,20,164,2,25,42,19,37,3,12,8,20,18,8,2,2
1767,3,2059,313,5.13,13,138,51,7,7,29,0,47,39,9,91,0,6,15,6,18,7,1,3,8,14,2,4,0
1768,3,2264,377,4.57,17,119,67,12,1,49,0,53,31,8,105,1,11,15,9,16,3,15,9,12,12,7,0,3
1769,3,2891,492,4.56,25,165,73,25,3,59,2,75,51,13,138,3,14,15,14,28,1,5,10,13,16,0,0,5
1770,4,3448,526,5.15,24,207,89,10,1,52,1,83,48,17,153,1,12,36,16,28,0,18,10,11,22,1,0,0
1771,2,2713,473,4.46,33,140,87,9,2,31,3,50,60,6,86,3,37,38,19,26,4,6,6,17,28,2,7,3
1772,3,2245,341,5.12,22,134,60,6,0,24,6,32,32,17,99,7,4,25,9,25,0,13,3,7,12,2,5,1
1773,3,2335,401,4.26,28,115,78,10,1,30,0,50,36,16,84,6,33,27,6,27,6,8,6,8,23,2,7,1
1775,3,2872,461,4.75,21,150,84,9,5,65,4,46,38,22,107,11,11,42,14,39,3,13,8,3,18,2,1,1
1776,2,2208,352,4.74,21,106,74,13,0,14,1,50,26,7,86,2,19,28,14,22,0,14,5,16,17,1,3,7
1777,3,3550,559,4.87,29,196,116,33,0,50,0,58,57,13,127,4,23,41,15,30,17,14,19,12,24,6,3,5
1778,3,2859,453,4.85,21,165,88,11,1,54,1,54,53,15,91,1,16,42,10,30,6,8,10,12,22,4,2,2
1780,3,1892,290,4.98,20,124,46,6,0,43,2,38,32,10,74,3,10,22,8,18,0,6,3,2,17,0,0,0
1781,3,3089,477,5.07,20,190,78,16,1,41,0,65,48,6,131,10,20,19,18,26,4,5,11,14,18,4,3,4
1782,3,2599,423,4.78,26,159,77,14,3,40,0,54,36,20,109,3,15,32,5,27,14,6,10,15,5,1,2,0
1784,1,2904,474,4.76,29,164,69,18,20,34,5,82,47,8,131,11,14,8,15,14,10,2,8,22,13,0,4,4
1787,2,1909,320,4.54,20,97,43,10,1,31,2,50,43,10,78,3,16,17,7,15,5,4,4,6,9,2,0,0
1788,3,2187,352,4.83,14,118,51,11,0,47,1,56,29,7,108,2,3,20,8,21,6,9,0,3,12,2,1,0
1789,2,2659,465,4.41,19,118,86,28,1,36,0,50,23,9,90,0,36,38,26,41,0,6,0,28,11,6,5,0
1790,3,2904,475,4.70,19,143,65,5,15,64,0,73,38,19,119,10,8,35,11,28,2,4,11,8,12,1,0,1
1791,2,2470,419,4.54,25,121,77,9,1,44,3,57,33,11,105,2,12,31,15,25,1,8,7,21,15,3,0,1
1792,4,2407,400,4.65,20,122,53,8,2,43,0,67,48,8,100,26,3,16,4,10,8,0,9,9,17,0,0,0
1793,2,1612,255,4.93,16,95,42,10,4,40,1,32,19,12,69,1,4,15,3,15,1,0,9,5,12,0,0,0
1795,4,2347,357,5.08,21,140,67,6,3,24,0,42,54,3,95,2,14,15,23,22,11,7,3,9,15,1,1,0
1798,4,2201,360,4.73,13,120,56,10,4,47,2,56,18,5,84,28,7,9,10,14,9,6,8,6,13,2,4,1
1799,2,2192,363,4.61,30,133,64,6,3,51,0,37,21,16,105,4,8,21,17,29,0,6,4,14,11,0,2,0
1801,3,2379,374,4.84,17,127,65,19,13,40,0,39,25,17,80,23,7,29,10,26,8,4,9,5,13,4,0,1
1802,3,2041,321,4.92,21,113,54,3,3,43,1,42,34,14,78,1,7,28,1,16,8,3,9,9,9,1,3,2
1804,3,2710,431,4.81,18,162,68,21,5,63,1,52,28,18,117,3,7,33,13,29,9,5,8,5,12,1,2,1
1805,4,2918,496,4.53,27,152,81,22,6,66,2,71,56,19,99,2,23,29,5,25,0,13,12,3,28,5,2,0
1808,4,1558,243,5.02,15,97,40,9,0,26,0,27,28,6,67,3,7,21,4,12,0,3,5,0,20,2,0,0
1809,3,2602,439,4.63,22,135,62,11,0,68,1,70,41,16,85,26,2,30,7,19,4,1,6,16,16,2,4,2
1810,3,2560,398,4.98,21,155,60,10,5,52,1,55,33,6,118,9,1,16,14,16,7,6,13,6,12,6,0,1
1811,2,1624,271,4.46,21,93,44,6,2,22,2,29,42,13,59,0,21,21,8,16,0,0,6,10,12,0,0,1
1812,2,2340,380,4.74,28,130,69,12,1,29,2,55,41,3,111,3,17,21,7,14,2,5,3,29,16,5,1,0
1813,3,2399,388,4.85,17,145,56,13,3,39,4,51,38,20,119,0,4,18,13,31,2,7,4,4,8,1,0,1
1820,4,2493,406,4.64,17,120,62,9,8,54,1,61,25,13,103,9,4,37,3,23,2,8,7,5,17,3,2,1
1819,3,2213,361,4.69,20,134,52,15,0,35,0,48,37,6,109,2,10,18,12,20,3,2,3,17,7,0,2,0
1821,3,4037,638,4.85,27,231,102,22,3,62,0,91,79,12,144,15,14,50,24,26,14,3,31,14,14,4,3,1
1824,2,1568,273,4.32,16,68,53,4,1,30,1,30,29,8,55,1,24,16,5,16,0,9,1,15,12,3,2,5
1825,4,2306,360,4.86,22,138,45,9,2,58,0,46,30,3,107,4,10,16,10,9,5,3,4,13,11,3,0,2
1829,2,1904,314,4.63,18,108,57,16,0,28,1,35,32,9,79,5,3,17,9,16,3,5,10,9,14,2,5,0
1833,5,1808,312,4.44,18,89,61,11,1,18,1,46,21,6,68,1,16,20,20,29,0,7,1,16,8,0,3,1
1836,2,2535,419,4.59,31,131,91,15,3,31,0,43,28,16,78,9,37,27,20,39,15,5,5,16,11,0,4,10
1838,4,1887,306,4.76,16,107,58,9,3,27,0,35,29,9,81,4,9,21,8,17,2,5,11,6,17,3,1,0
1839,3,2616,417,4.89,30,170,67,9,1,66,0,49,66,5,101,7,8,13,14,13,11,3,12,7,21,3,1,1
1840,2,2012,347,4.49,17,103,54,14,2,40,1,49,37,10,87,1,15,22,9,19,1,3,5,13,13,0,1,0
1841,2,2875,445,5.02,21,153,66,22,4,34,0,53,42,10,121,8,21,24,10,18,9,2,10,16,11,8,3,0
1842,3,2542,392,4.96,21,148,66,7,0,41,1,67,44,11,102,0,11,20,11,20,1,4,14,18,9,0,6,1
1845,3,1976,326,4.56,16,114,59,17,1,31,1,50,23,0,81,2,12,24,5,6,1,10,11,17,14,4,2,1
1847,4,2164,328,4.97,17,122,59,17,2,23,0,44,22,6,99,0,5,18,10,16,0,3,11,25,4,0,3,1
1848,3,2465,430,4.39,14,120,74,17,1,41,0,56,39,8,90,0,20,29,24,36,3,2,5,15,13,5,5,4
1850,3,1776,270,4.96,13,103,49,9,2,26,0,36,30,9,76,4,2,14,5,15,3,16,3,3,9,2,1,0
1851,2,2072,349,4.58,15,106,57,5,4,44,1,50,28,11,77,0,18,38,7,18,0,4,6,12,17,2,0,0
1852,4,2350,380,4.68,19,123,92,10,0,32,1,49,29,5,76,1,11,37,10,16,2,18,11,21,24,0,10,0
1853,3,2839,454,4.93,22,155,67,21,4,56,1,63,46,7,103,3,19,38,8,17,10,2,9,18,11,1,2,0
1854,4,1621,266,4.60,14,100,40,8,2,31,0,34,38,8,65,7,11,10,9,13,8,5,3,6,5,1,0,0
2557,4,1909,319,4.49,18,92,52,12,2,43,4,33,15,23,81,4,8,24,7,28,1,1,4,11,7,1,1,0
1855,4,2041,316,5.00,16,131,49,6,5,32,0,47,30,7,83,4,8,28,6,18,2,1,2,11,15,0,2,3
1856,4,2576,413,4.80,28,160,66,10,2,56,1,46,40,10,100,18,8,33,13,17,4,7,3,2,33,0,2,0
1857,3,2911,468,4.80,23,171,63,8,6,66,2,75,50,8,115,22,7,24,9,18,1,4,8,7,25,1,0,0
1858,2,1917,306,4.89,19,110,61,8,0,24,3,36,24,9,81,3,16,15,12,22,5,8,9,10,7,1,0,2
1859,3,3202,519,4.66,22,176,82,18,0,48,0,74,63,8,113,4,21,58,20,23,6,9,11,14,19,1,4,1
1861,3,1552,239,5.02,13,94,41,8,3,34,1,31,31,9,52,3,4,18,2,15,5,4,2,1,14,0,1,0
1862,3,1937,329,4.62,17,101,48,8,0,41,0,46,30,15,79,3,17,16,9,23,2,5,2,8,8,1,3,4
1866,3,2508,429,4.47,25,120,93,10,0,52,3,44,27,22,79,8,24,33,11,40,6,16,7,9,15,5,0,2
2554,3,2898,478,4.67,28,163,81,11,3,43,1,68,56,17,102,7,20,28,15,32,6,5,10,12,16,2,6,2
1869,4,2126,373,4.29,25,103,72,10,1,57,3,32,25,19,102,1,8,26,14,32,3,10,7,5,15,0,1,0
1871,1,2928,491,4.61,23,147,93,25,1,48,0,55,34,18,104,11,15,28,18,39,11,6,8,23,6,3,4,11
1876,3,2214,356,4.83,19,131,53,15,4,28,2,61,21,11,106,18,6,21,3,16,2,4,5,2,24,1,0,0
1878,3,2390,373,4.95,22,145,66,19,2,20,0,56,45,9,87,1,21,22,14,21,9,7,4,11,14,2,3,3
1879,4,3173,514,4.60,21,168,92,25,4,59,2,64,47,8,107,20,24,28,15,24,16,12,15,16,9,2,3,3
1880,3,2633,390,5.29,23,166,73,10,0,30,0,48,60,2,88,12,19,22,14,10,7,7,8,22,19,5,2,1
1881,3,1807,323,4.23,16,86,54,8,0,41,0,51,34,2,72,1,28,12,5,7,15,5,7,15,5,2,2,1
1933,5,2440,402,4.70,22,126,70,10,1,50,4,41,54,15,100,10,4,20,10,28,2,1,10,6,23,1,1,1
1934,3,1921,309,4.78,14,105,50,19,1,26,4,45,29,2,90,0,11,14,6,12,5,7,5,10,11,2,2,2
1937,5,3334,532,4.75,21,172,80,25,11,54,0,85,58,11,118,14,14,32,8,21,17,15,11,2,14,1,2,3
1938,3,2506,414,4.60,19,139,62,4,4,37,2,59,38,13,119,14,10,25,17,21,3,7,5,8,18,3,1,0
1939,3,3701,590,4.69,21,210,99,15,2,69,3,89,50,19,154,9,7,32,27,44,1,11,16,12,15,1,3,8
1942,4,2191,388,4.25,23,84,81,13,2,39,3,47,31,13,81,3,23,26,10,23,2,16,6,20,14,8,1,3
1943,3,2092,342,4.76,21,126,64,15,7,30,2,38,35,14,63,21,8,22,10,31,3,6,6,5,13,1,3,2
1948,3,2930,465,4.98,24,182,69,31,2,52,1,61,31,10,112,9,8,27,7,20,3,7,4,19,16,3,3,1
1949,3,1658,253,5.15,14,106,37,7,3,36,1,28,28,9,67,4,3,20,9,18,8,1,2,1,7,0,0,0
1958,1,2215,355,4.75,21,120,63,14,7,24,1,49,32,3,84,14,15,17,13,20,3,6,6,20,8,2,3,2
1959,3,1930,292,5.10,20,114,50,7,2,27,3,48,37,9,82,1,4,10,3,13,5,4,12,11,5,0,0,0
1960,4,1598,249,4.81,13,90,41,12,2,26,4,29,13,12,76,18,2,15,5,22,1,8,5,4,1,1,0,0
1961,3,2457,408,4.59,18,140,76,16,2,44,4,59,36,6,103,2,12,22,12,21,5,9,11,12,18,2,2,0
1962,4,2218,364,4.60,21,125,60,17,2,49,2,59,23,4,90,10,14,12,8,13,8,7,8,16,8,4,3,0
1963,4,1905,335,4.24,20,82,68,4,2,40,1,33,33,10,67,2,30,20,8,21,3,10,2,19,13,3,2,9
1965,4,1662,258,4.94,13,101,46,12,1,18,1,32,15,10,81,2,8,21,3,16,2,8,7,6,7,1,0,1
1966,5,4262,687,4.78,41,234,135,23,3,63,3,79,69,14,145,21,30,59,17,37,19,5,12,35,27,2,8,5
1967,4,3247,481,5.31,23,211,81,15,3,40,1,68,58,9,127,8,11,20,16,24,5,18,7,13,14,2,1,0
1969,3,2297,352,5.09,14,152,57,7,3,29,3,51,49,9,87,13,7,13,11,16,7,6,5,3,20,6,0,1
1971,3,4326,716,4.66,33,251,128,19,1,87,4,83,66,15,173,18,20,29,26,42,23,6,15,33,9,4,20,4
1972,3,3113,510,4.66,25,175,78,6,4,60,3,70,52,18,125,19,8,43,12,29,10,0,10,10,19,1,5,3
1976,4,2655,445,4.62,27,140,81,25,1,41,2,42,36,22,121,29,5,25,10,32,4,5,14,6,20,2,1,0
1977,2,1881,317,4.53,19,84,54,7,0,26,1,42,32,12,81,0,24,20,6,19,13,5,3,3,11,1,1,4
1983,5,2805,483,4.41,20,145,78,36,1,50,1,58,34,6,130,5,20,26,12,19,0,14,6,21,18,1,5,3
1984,4,2276,369,4.80,18,139,54,7,0,46,2,61,32,12,101,5,2,35,3,17,3,3,8,9,14,4,2,0
1985,2,3079,504,4.54,25,160,94,18,6,58,1,48,45,11,100,14,18,49,11,23,24,5,17,10,15,1,6,3
1987,3,2257,335,5.27,18,161,43,12,0,23,0,47,63,2,97,1,9,12,19,7,1,2,1,17,15,1,0,0
1988,3,1929,322,4.65,20,103,40,7,1,47,1,54,37,6,90,3,5,21,5,9,6,1,7,4,13,0,1,0
1989,3,1457,235,4.69,13,92,32,14,0,28,0,29,26,6,67,6,6,13,2,6,5,3,3,5,10,2,0,1
1990,3,2221,339,5.18,21,138,57,13,2,26,0,53,36,7,95,0,6,16,24,19,1,4,3,12,18,2,1,1
2033,4,2360,378,4.78,18,140,64,20,0,24,0,53,26,12,111,2,12,25,16,26,1,10,4,14,9,2,0,0
2034,3,2645,458,4.32,28,143,84,15,2,59,0,63,33,15,105,10,11,28,9,24,15,15,11,9,10,0,1,5
1991,4,2625,414,4.87,31,148,73,14,2,36,0,57,50,6,112,5,11,25,6,19,11,3,8,21,11,1,0,5
1994,4,2200,361,4.63,17,116,58,14,2,22,2,48,40,8,89,10,10,18,21,20,7,3,9,7,12,1,1,1
1995,4,2244,342,4.99,21,138,67,8,1,33,1,46,25,14,97,11,3,14,15,23,2,11,13,4,14,3,0,0
1996,4,2475,386,4.94,22,153,59,11,2,38,2,56,53,10,100,1,7,21,12,19,2,3,7,12,16,0,3,0
1997,3,2282,378,4.65,23,115,72,20,2,31,1,43,35,13,87,2,20,30,16,31,1,14,1,15,10,0,1,5
1999,3,2896,446,5.07,23,171,77,20,1,41,4,54,38,7,128,0,11,23,17,25,0,6,3,20,23,1,1,0
2000,3,2413,392,4.77,23,123,70,6,0,35,1,49,54,11,88,2,19,36,11,24,2,14,2,15,13,4,1,1
2001,3,2328,386,4.48,22,121,70,8,5,43,0,63,16,2,120,6,5,19,11,11,5,6,6,23,19,6,4,3
2003,4,2794,462,4.66,22,163,93,12,1,44,1,58,47,4,117,2,26,21,23,35,3,7,4,16,28,0,1,1
2004,3,2181,346,4.84,19,138,45,16,3,46,1,37,46,6,89,11,4,25,7,17,0,2,7,11,8,2,0,1
2005,3,1826,275,5.00,16,105,38,9,1,40,1,38,22,7,91,0,4,15,2,10,0,0,3,8,17,2,1,1
2006,5,2832,443,5.01,22,187,98,6,0,54,0,52,35,8,107,3,11,27,30,37,0,9,8,15,29,2,5,0
2007,5,3262,528,4.57,25,156,93,18,5,67,1,79,34,8,130,8,26,31,11,17,30,13,15,10,8,3,1,6
2009,1,1753,258,5.03,13,104,47,2,0,31,1,36,22,9,71,1,2,21,8,18,1,10,4,5,9,1,0,0
2010,3,1823,290,4.89,17,100,59,15,0,16,0,30,35,10,63,0,10,26,12,22,0,5,3,8,21,3,10,0
2011,3,1801,282,4.85,13,107,42,9,2,46,4,33,30,10,77,4,6,15,4,14,2,3,4,3,16,2,1,0
2013,3,2752,454,4.69,25,156,93,13,1,42,2,56,26,17,111,9,18,20,22,41,1,12,6,10,23,3,1,2
2014,2,2094,342,4.75,18,113,57,13,1,40,0,49,42,3,93,0,2,14,10,15,5,10,4,6,17,2,0,1
2015,4,2601,430,4.94,27,176,73,11,51,38,0,45,39,4,102,5,12,17,26,21,6,6,8,7,25,4,1,1
2018,2,2524,407,4.81,23,131,83,26,0,50,1,40,21,5,99,4,18,25,19,38,0,6,11,16,12,2,1,5
2019,2,4238,664,4.85,31,241,125,19,2,63,0,76,71,27,157,1,19,39,19,46,8,26,10,21,14,5,6,1
2021,3,3295,527,4.88,20,174,75,28,4,58,1,76,60,9,124,10,18,33,11,20,9,10,13,13,10,2,2,0
2023,3,2149,312,5.24,20,129,48,12,0,23,0,48,28,5,94,1,7,33,3,10,2,11,3,15,7,1,0,1
2024,4,2800,454,4.70,30,175,77,38,0,50,0,43,44,13,117,6,22,17,13,29,0,6,9,24,9,1,1,1
2026,2,1643,280,4.53,15,89,43,4,0,54,0,45,33,8,69,2,8,5,2,7,7,2,4,6,17,0,4,0
2027,3,1763,279,4.81,16,104,52,3,1,41,1,36,23,9,67,9,9,13,6,14,3,6,8,4,17,3,2,2
2029,3,2365,402,4.44,24,102,74,5,1,48,2,49,45,10,107,2,13,20,15,25,0,14,5,4,26,1,0,1
2030,2,2705,430,4.91,24,165,69,8,10,55,0,70,34,10,107,5,16,33,7,22,1,1,7,15,23,0,4,2
2031,2,4092,646,4.97,33,231,112,30,5,76,2,81,71,14,160,1,25,32,26,41,1,8,13,27,22,5,2,5
2032,3,2762,454,4.61,26,147,67,18,1,73,3,53,40,16,114,3,7,35,6,22,7,5,10,10,13,8,4,3
2037,3,1953,319,4.61,18,103,62,4,1,41,1,39,32,11,67,3,11,26,5,24,8,6,5,6,13,1,2,2
2039,4,2686,449,4.66,27,142,70,13,2,54,0,66,32,29,111,18,6,34,7,34,3,3,9,4,17,3,1,0
2040,4,2668,387,5.35,17,153,69,11,0,22,0,50,60,8,111,1,10,16,9,11,0,16,10,9,23,3,0,0
2042,3,2755,461,4.58,24,146,79,20,1,44,1,55,64,10,110,4,16,32,19,30,0,11,9,9,20,1,1,4
2044,4,3377,585,4.43,33,167,108,17,22,63,1,69,39,10,138,4,24,30,36,46,19,6,5,7,25,1,7,3
2045,2,1748,286,4.58,16,97,51,1,0,38,0,44,19,9,80,4,11,12,14,22,1,10,3,4,11,0,0,0
2049,4,2135,375,4.37,23,89,66,11,4,37,0,51,30,10,103,12,6,23,13,23,11,1,13,10,8,2,2,1
2051,4,1909,297,5.06,19,110,44,8,3,36,1,37,19,17,69,6,14,22,8,22,2,2,3,3,12,2,1,0
2053,4,2694,416,5.08,20,159,72,22,2,45,0,50,24,15,126,0,4,31,15,29,3,11,4,11,14,0,3,0
2054,2,2080,333,4.91,25,113,58,14,0,24,3,47,43,7,80,7,11,17,9,21,1,2,3,16,15,3,3,0
2056,4,2135,354,4.66,19,116,64,13,0,48,1,31,34,14,91,2,9,28,19,32,1,2,4,11,14,1,1,1
2058,2,2313,415,4.16,21,92,76,5,0,37,1,69,37,15,101,6,17,33,8,23,9,1,14,24,5,7,1,2
2059,3,2490,378,5.04,21,151,68,20,1,25,0,57,30,3,111,11,12,14,5,15,4,17,4,10,18,3,2,1
2074,4,2422,400,4.67,31,127,70,17,3,17,2,50,41,15,116,3,15,30,9,27,0,1,9,16,17,1,0,1
2060,1,2065,317,4.94,15,124,63,11,0,29,0,34,25,3,81,8,13,16,13,13,0,9,8,19,14,4,2,5
2253,3,2335,365,4.99,18,150,48,8,3,53,0,52,29,14,91,25,7,12,12,22,1,2,5,2,16,0,1,0
2255,3,3148,504,4.83,30,176,97,9,4,69,0,64,44,18,116,7,11,27,22,40,22,4,12,10,9,1,3,3
2256,3,1724,281,4.77,18,93,35,6,4,31,2,39,39,6,82,1,7,23,1,9,3,0,4,5,14,1,0,1
2257,4,2307,383,4.63,23,124,50,6,2,47,1,58,38,25,106,6,8,23,11,27,2,2,1,4,14,3,0,0
2258,2,1820,300,4.63,19,95,47,16,0,40,0,44,25,11,76,2,15,15,4,18,5,1,1,13,9,2,1,1
2259,3,2103,324,5.12,18,118,53,9,5,32,0,43,38,11,79,4,7,22,6,16,5,7,4,8,13,1,2,3
2260,2,2273,353,4.99,21,132,60,23,1,21,0,49,30,10,91,4,23,12,10,19,6,8,6,10,11,1,1,3
2262,3,2097,316,5.17,22,138,51,17,0,25,0,43,30,10,97,1,8,13,11,19,3,5,8,6,10,0,0,0
2263,2,2518,408,4.72,24,135,78,18,3,32,1,49,40,8,99,4,16,26,15,21,8,15,8,11,15,2,1,1
2313,2,1960,349,4.22,32,99,70,8,3,27,0,47,24,9,73,6,24,23,9,17,11,7,6,13,16,4,4,2
2268,4,2355,348,5.12,28,150,61,9,13,37,1,38,34,11,86,16,7,23,13,25,1,4,1,9,21,1,0,1
2269,4,2391,387,4.65,31,129,77,23,1,36,1,34,33,9,108,8,16,20,9,21,1,10,7,25,13,1,0,1
2270,2,3242,533,4.69,27,175,86,19,3,77,0,70,51,10,117,20,26,26,11,20,31,7,11,8,9,2,0,2
2271,4,2265,385,4.68,23,124,73,9,0,28,3,35,44,22,59,11,26,46,17,39,1,2,4,12,15,0,2,2
2272,4,2022,358,4.29,21,94,74,15,1,22,3,37,33,14,78,2,22,29,16,33,0,14,4,10,13,0,0,0
2273,4,2393,391,4.80,28,127,86,18,5,24,4,42,23,7,83,5,18,28,14,32,0,3,2,33,16,2,4,6
2307,2,1991,310,5.04,24,116,43,9,2,30,1,29,51,3,71,16,9,27,6,8,2,1,5,14,13,2,0,3
2308,4,3149,517,4.68,24,168,91,17,5,47,2,54,44,20,119,8,22,31,20,40,10,6,7,17,11,3,7,5
2309,3,1996,312,5.06,16,125,49,12,0,37,0,41,28,17,69,9,10,18,6,23,1,3,7,5,10,1,0,2
2310,3,2257,0,4.49,20,124,79,21,1,35,1,47,23,8,93,9,21,22,14,29,8,1,13,10,18,0,3,4
2311,2,1828,323,4.20,26,79,64,9,2,18,2,37,23,3,81,0,17,23,8,11,5,8,2,10,28,1,1,2
2312,4,2022,317,4.94,22,126,55,8,3,35,1,31,25,15,76,12,6,35,8,24,3,3,4,6,15,2,2,0
2276,5,1798,295,4.76,14,107,41,8,0,45,5,56,14,5,83,12,7,16,3,9,6,1,3,3,19,0,0,0
2277,4,2009,331,4.62,22,102,60,13,1,33,1,31,24,17,90,1,17,25,13,27,3,3,5,4,18,0,1,4
2279,5,2994,454,5.03,28,187,74,14,5,40,3,53,34,14,135,12,10,23,18,29,0,7,4,9,25,0,0,0
2280,3,3272,529,4.81,32,180,85,13,3,55,0,71,66,2,129,11,16,35,21,30,6,13,5,20,11,1,2,0
2282,5,3415,555,4.83,25,191,64,21,2,97,1,102,51,15,142,11,9,16,11,26,4,6,11,12,5,0,2,0
2283,4,3011,474,4.99,29,162,75,10,1,73,2,64,28,8,129,10,17,25,15,28,1,7,1,17,21,0,1,4
2285,4,2277,345,5.15,17,144,40,23,4,42,3,54,40,4,94,16,3,18,4,9,6,2,8,12,3,1,0,1
2286,4,2716,443,4.73,31,146,82,24,4,41,0,58,44,1,106,3,25,13,14,18,34,7,5,4,14,3,1,4
2287,3,2223,358,4.76,24,143,55,13,1,40,0,51,36,0,98,17,3,19,12,13,12,3,5,7,15,2,0,1
2288,3,4643,771,4.63,24,259,121,13,5,119,0,123,69,15,191,15,21,33,17,29,6,15,31,14,26,4,4,2
2291,1,3351,534,4.70,20,190,99,15,3,69,0,90,58,7,133,4,9,23,9,18,6,25,21,6,23,6,4,0
2292,4,2095,321,5.12,19,135,55,11,3,29,1,38,31,18,79,14,6,24,8,32,0,0,5,4,14,0,0,0
2293,3,1743,306,4.48,23,91,58,6,1,34,4,46,25,2,73,1,11,15,13,14,1,6,4,3,30,6,0,0
2295,3,2497,387,4.92,22,124,55,5,3,45,1,65,34,13,98,19,4,29,10,19,1,4,7,5,19,1,0,0
2296,4,3186,473,5.43,26,199,67,15,9,42,1,73,78,16,126,0,6,21,14,31,0,12,8,2,14,0,1,1
2297,3,2059,338,4.65,17,105,57,15,0,30,0,53,40,3,84,0,14,28,6,14,0,6,8,23,6,2,0,4
2298,4,2681,413,4.98,20,160,73,10,3,46,2,51,44,9,119,7,5,23,7,16,0,14,11,13,19,2,1,1
2299,4,2777,465,4.53,22,151,82,25,7,47,0,40,47,9,111,10,13,26,23,33,7,2,10,10,20,4,3,4
2302,5,2796,458,4.76,26,169,88,13,0,41,7,56,65,12,99,4,14,32,20,32,5,9,7,14,21,3,0,0
2304,43,3361,547,4.67,31,201,72,18,3,80,0,78,52,7,145,19,19,16,18,19,12,8,2,16,15,3,3,2
2305,2,2212,356,4.82,21,130,50,10,2,37,6,43,44,11,97,3,9,24,5,16,0,0,4,17,13,3,4,2
2314,2,2921,479,4.73,29,159,85,19,1,50,2,47,51,16,138,1,10,21,17,38,1,5,4,17,20,8,0,2
2315,4,2265,344,4.98,26,130,59,16,0,35,0,46,30,7,97,0,16,23,10,14,0,5,6,29,5,0,2,1
2317,4,2477,382,5.02,22,145,59,14,1,21,1,68,51,8,119,9,7,14,3,12,6,11,12,4,14,2,0,0
2319,4,3225,558,4.30,36,169,106,30,6,62,0,65,57,5,120,4,34,28,10,15,9,17,19,24,22,1,5,4
2322,2,2137,344,4.61,27,106,49,8,3,30,3,43,30,13,91,4,24,25,7,18,3,0,2,15,11,0,0,1
2323,2,1835,323,4.35,20,96,59,7,3,36,0,40,40,9,77,4,13,16,14,25,0,5,5,7,17,0,3,4
2324,3,2151,386,4.10,23,102,69,13,7,31,2,52,35,9,90,4,22,21,12,23,11,9,2,3,21,2,2,2
2326,3,2006,352,4.32,24,106,60,5,1,41,4,47,38,4,81,13,22,12,7,12,9,0,5,27,7,7,2,4
2327,3,2151,358,4.54,28,99,57,9,2,31,3,38,34,3,100,1,20,26,6,10,15,2,5,13,12,2,1,2
2329,4,2709,470,4.43,33,159,84,17,3,76,4,48,52,10,112,14,10,26,6,19,5,2,8,21,29,4,1,2
2333,4,1471,234,4.88,16,88,36,8,2,37,2,21,31,5,67,4,2,11,4,7,0,1,7,3,18,1,0,3
2334,4,2512,406,4.74,20,115,63,17,1,38,0,60,32,18,121,0,14,23,8,24,0,11,2,12,14,5,1,0
2336,3,2790,452,4.76,29,149,76,22,0,52,0,51,30,17,120,8,13,21,28,33,4,3,7,15,14,2,0,2
2337,4,1959,296,5.07,16,117,55,5,2,31,0,36,30,9,82,1,7,17,9,17,0,11,2,13,12,1,2,2
2338,4,3074,479,5.12,34,169,91,25,11,18,2,66,49,12,119,2,28,21,13,24,6,2,4,39,16,2,0,4
2339,3,3561,597,4.57,27,207,115,18,3,54,3,98,45,9,138,6,31,38,15,25,1,6,15,36,32,4,6,4
2340,2,2746,430,4.95,29,160,78,26,0,51,1,37,43,2,125,0,6,31,14,10,2,18,7,12,29,3,0,2
2344,4,2441,382,5.05,22,134,57,13,8,53,2,46,42,16,89,9,4,22,12,23,0,2,8,8,16,2,0,1
2345,4,3202,519,4.79,32,169,80,14,6,81,5,55,51,17,100,50,7,18,14,27,7,3,12,7,24,4,0,1
2347,3,1687,277,4.59,17,97,49,13,0,32,2,40,20,1,80,5,10,13,4,6,11,3,9,11,9,0,4,2
2544,4,4208,679,4.87,32,247,98,18,12,114,2,90,57,7,176,43,9,26,14,15,12,6,27,14,24,3,0,2
2350,2,1972,322,4.61,18,94,59,5,7,26,2,37,19,14,81,9,15,27,7,21,7,3,3,7,18,1,1,2
2351,4,3798,610,4.76,41,233,125,17,2,55,3,80,46,20,149,5,36,36,11,34,4,3,17,41,26,7,3,5
2353,3,2562,417,4.70,20,126,66,10,3,51,1,70,28,16,98,22,14,24,10,28,1,4,5,15,13,1,5,3
2357,2,1895,316,4.56,15,105,49,4,0,56,0,52,25,11,87,4,6,14,6,17,2,11,4,4,11,1,1,1
2596,2,2398,378,4.95,18,128,76,19,5,27,0,45,20,12,107,0,17,18,11,31,6,6,8,18,7,2,1,1
2598,4,2218,360,4.61,15,108,49,13,2,60,5,48,35,13,105,1,3,13,6,18,12,2,8,2,7,1,0,1
2599,2,2101,358,4.42,23,107,54,16,0,65,0,32,56,2,106,0,8,12,4,11,0,2,6,21,14,0,0,3
2600,3,2687,451,4.60,22,146,49,20,5,82,1,65,53,9,121,14,3,22,8,15,2,7,2,10,13,0,0,0
2601,5,3067,477,5.00,24,195,65,10,3,53,2,82,70,16,127,4,9,21,9,28,1,4,16,5,11,5,0,0
2606,3,1430,232,4.82,13,85,32,11,1,20,0,31,36,4,71,0,6,12,2,9,8,4,3,5,3,1,0,2
2607,4,1779,265,5.16,17,113,47,6,1,34,0,23,16,12,76,8,2,28,6,18,4,9,2,3,11,3,0,3
2608,3,2163,346,4.76,25,123,69,9,0,27,1,44,30,13,97,3,8,22,7,23,9,2,15,8,12,3,2,3
2609,3,2249,367,4.62,24,128,76,13,4,33,1,56,33,6,95,7,11,17,9,13,5,9,17,11,21,5,1,0
2611,3,1927,298,5.04,23,126,45,8,3,17,0,32,27,8,80,2,16,32,14,15,4,1,5,8,12,1,1,1
2612,4,2959,484,4.64,27,148,87,26,0,28,1,67,40,9,139,5,20,24,16,28,4,5,11,14,25,4,1,1
2613,3,2866,466,4.77,21,157,78,6,1,49,2,58,47,10,138,0,17,21,20,29,0,9,4,15,21,3,0,4
2620,4,2309,363,4.72,18,126,58,17,0,68,4,49,31,10,98,1,2,26,4,17,13,1,14,5,8,1,0,1
2624,3,2330,380,4.82,18,141,55,12,1,40,2,52,42,9,90,16,6,25,13,22,2,3,8,4,16,0,1,1
2625,3,2145,334,4.88,22,129,67,9,0,30,1,40,43,8,78,17,6,19,8,12,11,16,11,3,14,2,0,1
2626,2,1901,328,4.35,25,88,59,12,2,46,0,35,29,5,95,0,20,13,4,9,6,2,8,22,12,1,2,5
2629,4,2088,347,4.51,22,107,62,9,2,39,2,39,39,6,81,2,20,32,5,13,9,0,10,15,15,2,4,1
2631,3,2880,526,4.11,22,120,88,18,3,72,4,68,42,17,96,1,43,43,17,33,19,12,3,14,7,2,0,2
2632,3,1623,260,4.72,12,83,46,11,0,16,3,40,17,1,91,1,6,17,4,6,1,2,8,22,7,3,3,0
2633,3,1533,242,4.92,17,107,37,15,0,22,0,21,34,7,69,4,4,5,9,17,4,1,2,5,8,2,2,0
2634,4,1759,274,4.85,13,85,43,10,0,31,0,40,19,6,86,2,4,18,4,10,7,10,4,3,9,3,1,2
2635,2,2569,447,4.33,33,114,88,11,2,37,3,59,31,2,108,1,26,27,5,11,3,5,13,22,34,9,4,3
2637,4,2380,395,4.65,20,106,68,7,3,51,7,52,34,15,81,9,12,33,11,22,7,2,16,3,18,3,1,0
2638,3,2109,364,4.27,19,107,63,20,0,21,1,50,31,5,108,0,11,24,15,22,2,2,5,17,15,2,3,2
2639,3,2225,350,5.09,14,136,51,19,0,24,0,53,30,11,99,0,12,24,12,19,1,6,6,14,5,1,0,3
2643,4,1916,297,5.01,15,117,46,9,3,29,0,49,20,5,90,1,6,21,12,19,0,6,3,10,8,0,1,0
2645,4,2220,341,5.09,18,133,50,6,2,50,1,50,37,5,96,1,4,23,12,9,3,2,8,10,18,0,0,0
2646,2,2909,456,5.05,23,172,73,19,3,36,0,58,60,10,105,4,24,29,21,27,5,7,8,11,15,7,1,0
2647,3,2258,381,4.60,23,111,63,11,1,58,1,47,27,3,113,5,5,22,9,9,15,4,9,18,8,6,1,1
2653,2,1748,283,4.56,20,88,61,9,1,49,0,25,30,5,75,7,5,13,7,13,6,2,11,17,12,3,0,0
2654,3,1663,254,4.98,16,99,46,2,1,24,0,35,31,9,65,2,6,22,6,16,3,6,4,5,12,0,0,3
2655,2,2737,445,4.82,28,153,66,14,1,46,0,74,63,5,118,1,10,19,12,18,6,7,10,6,19,0,1,3
2656,4,2414,415,4.38,28,119,71,19,2,50,0,41,38,10,100,11,20,35,10,22,19,7,8,10,5,2,2,1
2659,2,2385,401,4.61,21,136,61,6,3,39,1,68,28,5,87,43,14,18,12,11,1,10,5,6,28,4,3,1
2660,2,2237,360,4.79,17,123,50,9,7,47,1,64,27,5,91,16,7,13,11,15,5,2,6,3,19,3,0,1
2662,2,4411,682,4.87,35,240,111,30,0,56,2,80,97,14,187,10,22,34,13,26,6,12,18,35,14,8,3,6
2663,4,1688,286,4.45,14,80,55,22,3,21,2,41,30,3,71,1,12,13,3,12,3,6,9,21,4,0,1,0
2664,4,1721,284,4.58,16,85,53,12,2,21,0,25,39,4,74,0,12,12,13,19,4,1,3,16,10,1,1,5
2665,3,3339,550,4.75,28,198,69,17,4,92,0,103,45,13,156,7,7,18,17,30,7,4,14,2,12,0,1,0
3895,5,2443,385,4.74,22,130,84,11,1,36,1,38,45,15,79,19,3,38,9,31,6,15,7,7,18,1,2,0
2667,3,2171,366,4.56,22,129,55,29,0,37,0,33,41,6,80,1,17,29,16,15,6,2,5,13,14,3,1,4
2668,4,2453,402,4.63,19,110,76,18,3,28,0,52,52,8,90,5,10,32,6,15,9,13,18,5,16,8,1,0
2670,3,2848,472,4.62,25,163,63,29,6,56,3,63,54,15,134,0,6,20,16,28,0,8,6,8,13,2,2,2
2671,2,1704,284,4.57,17,91,41,11,1,31,3,38,23,5,67,17,10,30,2,9,15,4,3,6,4,1,2,0
2673,4,2013,309,5.01,16,123,60,9,0,31,0,34,21,12,87,1,0,31,7,20,3,14,7,5,11,2,0,0
2676,3,3752,555,5.31,30,227,88,16,3,44,2,87,67,12,157,4,17,33,15,22,10,12,10,20,14,3,1,3
2677,4,3058,447,5.34,30,173,71,14,1,35,0,72,46,4,146,8,4,19,11,11,13,4,13,11,19,4,1,0
2679,3,3366,538,4.85,27,206,78,18,2,73,0,73,69,7,141,15,6,28,13,18,5,7,15,18,15,1,0,1
2681,3,2799,443,4.74,24,162,74,11,3,61,2,55,43,4,120,16,7,22,8,12,20,6,15,14,7,2,7,0
2684,3,3377,556,4.64,28,181,90,17,5,57,2,96,57,10,137,14,27,18,10,23,18,6,20,9,14,6,0,1
2690,4,1915,317,4.58,21,105,60,8,5,36,2,42,21,7,91,1,8,27,7,15,5,4,12,6,18,2,1,0
2691,3,3485,569,4.73,33,183,82,20,2,62,3,92,57,10,136,16,29,23,11,17,18,7,12,14,14,2,3,3
2692,3,3098,536,4.39,21,154,87,30,1,82,1,71,45,18,122,2,24,30,10,26,6,10,14,14,17,4,2,2
2693,4,2070,330,4.96,19,120,60,7,0,30,5,40,21,16,90,0,8,28,8,25,2,5,6,6,16,2,3,0
2697,2,3398,579,4.56,39,179,109,13,1,69,3,70,62,7,128,1,16,49,27,43,1,8,10,9,38,3,7,0
2698,3,2536,416,4.77,17,153,65,13,4,40,0,54,53,5,77,6,15,32,20,29,1,4,3,11,17,2,0,3
3894,5,2480,402,4.77,20,153,76,10,2,37,1,45,26,23,107,8,10,31,9,37,2,7,4,4,22,0,0,5
3891,5,3408,523,5.05,27,195,99,15,1,36,1,65,80,12,147,4,4,21,18,30,6,19,15,17,12,6,2,5
2706,4,2830,426,5.37,26,170,70,10,5,37,3,50,44,13,124,2,5,38,11,20,6,6,11,2,25,5,2,1
2707,3,1520,242,4.77,17,65,43,10,1,30,1,30,17,11,65,2,0,17,4,16,2,5,7,3,10,1,1,0
2708,3,2260,355,5.09,27,124,51,14,4,23,1,53,45,6,94,9,18,24,3,6,1,0,7,10,27,2,0,1
2711,2,1879,319,4.17,28,79,51,19,4,34,0,25,39,8,90,5,18,16,10,16,2,3,4,19,7,2,2,1
2712,4,2739,397,5.41,33,178,71,16,4,36,1,52,40,6,107,8,11,26,7,11,10,1,17,16,16,4,0,0
2714,3,2602,480,4.10,27,99,83,8,6,51,0,63,50,13,119,2,25,31,12,27,4,2,11,20,19,5,5,6
2718,3,2576,429,4.50,26,132,84,16,0,25,0,57,33,11,109,2,24,28,18,29,9,12,5,21,8,2,3,2
2720,2,1510,247,4.70,14,90,47,5,0,26,0,27,25,7,70,0,7,12,9,20,1,2,7,10,7,4,1,1
2721,4,3111,540,4.49,23,181,71,14,2,77,4,83,36,19,95,37,15,34,9,26,1,0,9,14,21,0,0,0
2723,2,3025,493,4.79,36,176,86,13,10,72,2,67,51,12,112,3,12,34,13,25,7,4,11,3,36,1,3,0
2729,4,1867,314,4.57,26,96,71,5,1,51,2,35,24,12,71,0,3,20,10,22,1,15,12,2,19,0,0,3
2730,2,2984,485,4.81,24,166,79,20,3,58,0,58,52,19,117,6,12,28,15,38,5,8,10,7,11,1,0,1
2732,3,1779,302,4.51,15,101,36,3,3,28,1,61,23,16,69,34,3,18,1,20,0,5,2,5,4,1,0,0
2733,3,3006,508,4.53,34,154,82,7,4,74,2,87,45,10,134,7,8,34,12,21,16,7,13,0,25,1,2,1
2734,2,2239,356,4.93,22,140,56,7,7,54,1,52,36,10,80,13,6,21,6,15,6,3,13,0,19,0,0,1
2735,4,3262,530,4.82,24,188,105,8,5,60,3,71,47,17,97,29,12,49,10,27,10,11,21,7,29,2,2,0
3886,4,2528,391,4.98,20,153,73,20,1,31,0,47,41,13,91,3,18,27,9,25,9,2,10,12,15,2,6,1
3889,4,2659,448,4.56,22,130,64,21,1,59,0,67,47,13,111,11,8,17,9,21,10,5,6,15,7,1,5,1
2737,3,2190,384,4.31,21,99,51,12,4,38,4,55,60,9,84,0,15,19,14,20,5,4,1,12,9,2,2,2
2739,4,3814,589,5.13,29,260,72,34,0,67,1,88,101,20,149,6,4,22,14,38,1,5,10,7,11,1,0,0
2741,5,3575,571,4.92,28,214,84,12,6,71,0,102,63,18,138,10,12,25,20,34,4,6,15,2,23,1,2,2
2742,3,1770,321,4.09,22,77,69,9,2,34,1,31,31,6,69,1,11,18,17,24,5,2,11,12,15,3,0,3
2745,2,1325,234,4.34,10,60,33,9,0,26,1,35,31,7,39,3,18,13,9,15,0,1,3,3,11,2,3,1
2746,3,3083,513,4.62,30,182,73,23,4,69,2,62,52,15,130,14,5,24,26,32,9,2,9,6,15,2,0,2
2752,2,2271,348,5.14,19,129,52,4,5,57,3,42,26,10,104,0,11,13,5,15,3,6,2,13,13,2,1,2
2753,1,1205,192,4.75,16,67,28,3,1,19,0,27,24,6,64,3,9,14,1,7,1,1,4,7,8,0,0,0
2754,2,1889,286,4.86,23,114,58,16,0,35,1,30,30,2,85,13,6,13,8,19,4,6,4,17,8,1,0,0
2756,1,1651,280,4.51,15,88,38,8,8,35,0,39,20,11,89,0,2,23,3,16,3,3,4,6,6,3,0,0
2758,4,3024,486,4.77,17,165,86,14,2,55,1,66,48,12,111,4,13,34,17,30,5,10,10,7,24,5,1,2
2759,4,2657,453,4.54,18,129,80,5,2,61,0,75,29,13,121,11,4,33,3,19,2,8,19,3,29,6,0,1
2761,4,1748,294,4.52,14,98,54,10,4,20,3,27,33,5,73,2,14,13,12,18,5,2,2,19,8,0,5,4
2762,3,2851,438,5.07,17,167,65,13,4,50,2,70,55,8,117,8,7,22,5,9,9,8,13,9,17,2,2,2
2765,4,2408,382,4.97,19,157,53,9,4,55,0,50,32,9,85,39,7,24,8,12,9,5,5,3,19,4,0,0
3004,4,1705,285,4.63,13,77,34,10,1,33,2,39,45,7,64,1,14,17,9,16,2,6,0,7,3,1,0,1
3006,4,3698,591,4.85,27,228,109,19,2,59,0,83,65,10,122,16,20,36,21,32,11,10,18,14,24,1,5,2
3012,3,2715,418,5.04,20,166,73,6,9,59,1,47,37,16,107,2,7,26,8,22,4,14,10,5,18,3,1,3
3013,2,1984,312,4.67,28,98,69,13,0,48,0,25,40,6,77,4,16,24,6,22,9,2,5,18,13,0,0,3
3020,3,1951,337,4.45,25,100,52,6,2,22,1,41,35,14,84,1,23,20,14,27,2,3,3,6,11,1,2,6
3021,1,2040,322,4.49,27,119,55,14,1,37,0,35,44,6,97,16,14,15,6,11,7,9,7,9,12,0,0,2
3022,3,1239,219,4.30,14,45,41,12,0,24,1,22,13,8,52,1,18,6,10,15,0,4,3,9,10,3,2,1
3026,3,2959,435,5.35,25,184,82,9,0,25,0,49,62,11,111,3,18,22,16,24,2,8,11,16,21,3,2,1
3028,4,3653,632,4.44,24,179,88,30,2,82,1,91,68,19,150,1,22,42,1,24,1,0,31,15,17,4,5,5
3030,4,4173,662,4.88,34,240,110,22,5,48,2,110,93,13,160,15,13,32,7,17,5,11,31,31,15,6,2,2
3031,4,2645,425,4.88,24,153,60,18,2,38,0,59,43,9,122,2,14,19,14,25,2,1,4,16,12,0,1,4
3033,2,2194,356,4.71,22,127,54,12,1,45,2,51,29,3,96,5,9,25,18,20,6,2,6,11,9,0,1,1
3034,3,2840,503,4.22,28,141,87,14,1,82,3,65,32,7,120,3,18,36,22,32,5,6,3,18,23,2,2,0
3036,2,2677,419,4.97,18,173,71,12,2,45,0,49,60,10,93,8,12,26,18,27,5,8,7,11,13,1,3,4
3037,3,2436,396,4.82,18,145,69,9,10,48,2,59,24,13,98,5,9,27,11,26,6,0,10,19,8,0,2,2
3039,4,2544,397,4.98,19,151,56,8,1,38,3,50,39,15,112,30,3,19,14,25,0,2,6,4,19,8,2,0
3040,4,2721,426,4.98,17,179,44,14,3,48,0,87,34,5,111,22,2,21,4,9,0,2,8,3,22,3,0,0
3045,3,2748,442,4.77,22,144,68,24,7,35,0,75,28,14,102,4,44,22,9,19,2,2,16,13,16,0,2,1
3046,4,2042,337,4.66,14,111,70,9,2,35,0,43,34,6,75,9,12,15,15,19,16,8,9,6,12,3,0,3
3050,4,2256,337,5.30,18,138,67,5,1,40,1,48,29,12,83,1,7,23,12,24,3,5,7,11,17,1,2,1
3054,2,2693,431,4.91,25,160,74,23,0,34,0,52,49,12,112,3,9,35,20,26,3,4,10,7,24,3,1,1
3055,4,1503,259,4.38,16,66,51,8,1,20,1,31,18,8,58,0,24,6,11,21,7,10,0,10,3,4,2,1
3056,2,2600,435,4.57,20,149,72,24,5,42,0,51,50,4,114,6,16,21,11,18,6,5,6,18,19,4,5,2
3063,2,2591,406,4.91,20,143,75,26,7,28,0,60,36,10,110,5,14,14,13,21,8,9,17,8,12,2,1,1
3065,4,3198,532,4.68,27,175,84,17,2,68,2,54,50,15,135,10,10,35,23,33,7,3,10,14,17,2,3,6
3066,3,1886,308,4.54,16,98,49,9,1,29,3,44,23,15,75,25,8,20,4,17,7,6,6,6,7,1,3,1
3067,3,2338,398,4.55,19,116,54,3,1,75,0,52,39,13,101,5,5,28,16,22,3,5,6,9,9,0,0,1
3076,4,2505,393,4.85,23,155,53,20,1,45,1,41,71,19,96,0,8,25,4,22,7,1,8,8,7,2,0,2
3078,3,1386,238,4.41,12,71,42,11,0,14,0,30,29,6,59,1,11,20,4,9,3,3,11,6,10,2,1,0
3079,4,1344,215,4.74,10,76,46,7,1,12,2,21,23,4,54,0,13,14,8,12,1,6,6,10,11,2,1,2
3091,4,2303,376,4.78,17,135,61,2,5,47,0,68,31,6,106,11,4,24,8,13,6,4,13,5,20,0,0,0
3093,3,2334,382,4.71,19,126,54,19,0,35,0,62,44,11,111,1,10,18,9,18,1,7,8,10,10,5,2,0
3094,3,2399,374,4.74,17,147,60,17,1,26,1,51,29,14,124,17,6,19,6,19,6,10,10,4,11,1,0,1
3099,4,2525,432,4.43,21,131,69,12,5,46,1,57,29,17,128,17,4,30,14,28,7,4,11,7,12,3,2,1
3100,3,1995,298,5.19,19,127,52,20,0,18,0,33,48,9,78,1,7,16,8,21,2,2,9,15,3,2,0,1
3101,3,2399,385,4.80,18,150,61,12,2,51,0,42,31,15,125,4,7,18,14,27,13,2,4,1,14,2,1,1
3103,4,2406,381,4.83,23,133,66,5,0,64,1,54,30,16,103,1,8,25,7,24,1,6,9,7,19,2,1,0
3104,3,2045,355,4.40,22,95,67,9,1,34,0,47,29,5,79,1,30,19,14,27,3,8,3,22,4,4,1,3
3106,3,1407,231,4.65,13,82,39,7,0,31,0,24,20,4,68,0,8,12,11,18,1,4,4,7,5,0,0,2
3110,3,2093,337,4.66,18,134,60,12,1,36,0,45,35,8,97,4,11,15,11,22,2,11,4,8,13,1,1,1
3113,3,1977,320,4.76,16,114,46,18,1,21,1,44,29,11,82,30,8,17,12,21,3,5,2,4,11,2,0,0
3114,4,1375,238,4.28,14,58,42,7,0,23,0,27,21,7,57,0,20,29,3,14,2,5,3,17,1,1,0,1
3115,3,2383,392,4.74,19,146,61,17,1,50,1,48,45,19,109,1,9,21,8,29,1,7,6,6,12,0,0,2
3118,4,3291,508,5.04,31,195,80,16,3,48,0,71,45,6,157,13,11,25,14,17,10,7,7,11,28,3,0,2
3119,4,3079,491,4.80,28,163,87,22,3,48,0,63,47,12,111,24,16,29,7,17,10,4,19,13,24,4,3,2
3120,4,2593,426,4.76,24,149,57,11,1,68,1,67,36,16,115,11,4,24,6,24,1,2,7,9,14,3,0,0
3121,4,2438,392,4.84,18,138,58,19,0,59,0,51,36,10,112,0,8,11,12,19,6,2,8,14,9,1,0,3
3122,4,1711,257,5.17,18,102,40,8,2,38,0,31,21,13,62,1,8,21,3,18,0,2,5,4,11,1,1,1
3123,4,3749,614,4.79,28,206,103,24,1,63,0,69,55,18,173,1,11,36,24,44,2,11,14,7,25,5,0,6
3124,4,2613,409,4.93,23,152,67,19,1,41,2,48,45,11,110,0,11,21,19,27,0,10,4,15,11,0,0,5
3125,5,3083,497,4.79,28,195,80,12,2,49,0,56,83,7,108,15,13,28,23,24,7,6,7,19,17,3,3,0
3885,5,4932,803,4.65,34,271,125,44,4,103,1,105,83,5,224,13,23,33,22,24,30,19,15,20,17,2,4,3
3135,4,2389,374,4.84,17,137,66,10,6,52,0,45,34,9,92,2,5,30,10,19,5,5,13,12,12,2,0,1
3138,3,3133,516,4.69,25,172,87,29,2,48,0,57,48,17,126,14,29,29,15,36,6,8,9,15,13,3,0,4
3139,3,3135,449,5.54,24,191,62,28,3,17,0,59,75,4,135,4,13,25,11,11,3,9,10,15,14,2,0,1
3140,3,1696,314,3.93,18,55,54,6,2,16,2,42,39,5,68,1,21,24,13,13,5,12,3,11,10,1,3,1
3141,3,1465,221,5.11,13,98,34,5,4,14,0,22,31,6,52,12,6,11,8,13,8,2,5,5,1,3,1,0
3144,2,1806,297,4.75,16,100,41,9,1,41,1,35,21,15,74,0,11,21,11,23,1,3,5,3,6,2,0,1
3145,4,1788,269,5.27,15,118,42,16,0,16,0,40,28,9,71,0,4,19,7,15,0,6,9,4,8,3,1,1
3146,3,2226,387,4.29,21,96,70,8,9,31,4,52,35,9,76,0,23,36,14,19,7,5,11,17,11,4,4,1
3147,3,1978,336,4.44,20,94,59,6,1,35,1,46,20,7,73,0,22,28,15,20,10,10,6,6,7,2,0,3
3148,4,2212,346,4.92,17,122,51,5,3,37,2,48,33,7,105,1,5,28,10,14,4,5,6,8,14,2,2,1
3149,4,2034,307,5.07,17,128,50,7,0,19,1,40,35,13,88,1,6,27,10,18,1,5,5,8,13,2,4,0
3883,4,1700,254,4.95,20,90,53,6,0,16,1,28,12,7,75,25,4,14,11,19,0,4,3,10,17,1,0,0
3884,4,2943,468,4.87,25,170,85,21,0,51,0,63,42,12,124,1,12,28,12,24,1,7,15,13,25,4,1,3
3157,4,2033,325,4.70,17,113,57,4,10,42,2,48,24,5,88,1,2,24,7,12,2,4,12,10,17,6,2,0
3158,3,1719,264,5.04,15,99,43,9,2,23,2,38,24,10,61,1,12,19,4,13,1,17,2,4,6,0,2,0
3162,4,2593,433,4.57,23,141,60,16,3,58,2,66,43,12,112,9,8,27,5,16,5,2,12,9,16,3,0,1
3168,4,2559,416,4.74,25,144,64,25,5,22,3,42,46,7,82,26,20,37,12,23,17,4,1,9,10,1,0,0
3163,4,2623,407,4.99,27,153,77,21,2,32,1,60,34,4,121,10,10,21,12,20,8,8,13,9,19,0,0,0
3725,4,2893,440,5.00,27,162,75,13,2,40,0,61,33,14,144,6,15,26,7,21,10,13,9,7,15,3,2,1
3171,4,2404,391,4.72,26,136,59,25,4,25,0,50,52,8,93,11,22,28,10,20,12,7,6,3,11,0,0,0
3172,4,2309,374,4.83,18,141,46,9,4,55,1,59,36,12,82,31,12,20,7,16,0,2,3,3,22,0,0,0
3174,4,1677,288,4.34,20,82,59,11,1,30,0,33,25,9,63,0,21,11,10,21,0,7,8,17,6,1,1,0
3176,4,2554,417,4.61,23,130,80,18,1,33,3,45,43,7,105,2,14,24,19,27,5,3,12,19,14,2,4,6
3177,5,2999,483,4.76,22,170,65,14,7,57,0,82,59,6,105,34,9,27,13,12,9,8,14,10,12,0,0,3
3179,4,2755,435,4.91,20,158,80,17,0,38,1,51,32,11,114,2,18,29,20,26,3,12,7,23,9,2,3,5
3180,3,1452,276,3.91,14,60,50,12,2,20,1,30,15,8,61,0,27,19,8,16,3,7,7,11,6,0,0,6
3181,4,2542,373,5.30,21,168,65,13,8,24,1,45,36,8,95,22,5,24,18,24,7,7,5,5,17,3,1,1
3182,3,2494,384,5.01,21,153,63,6,6,30,0,58,30,8,92,33,6,27,15,18,1,8,6,5,25,2,2,1
3183,3,2166,359,4.66,25,121,55,10,3,28,0,45,49,6,66,15,22,24,11,15,15,4,1,13,7,1,5,1
3187,4,2962,449,5.08,27,171,76,21,2,44,3,66,41,11,129,6,13,22,9,18,4,13,16,15,10,2,1,0
3189,3,2317,374,4.83,21,136,55,16,2,32,0,42,39,19,94,0,15,32,10,29,0,10,2,5,9,0,2,5
3192,4,2233,341,4.96,21,129,60,11,0,16,2,44,28,17,113,3,8,16,11,26,0,10,9,10,5,1,3,4
3195,3,2997,474,4.79,26,172,89,25,3,42,0,64,60,7,108,14,19,22,19,26,11,6,17,14,15,0,1,1
3197,4,1552,271,4.29,17,67,38,13,1,21,0,41,31,4,58,1,19,15,4,10,1,1,1,21,4,0,1,0
3198,3,2946,480,4.76,20,183,78,26,2,35,2,58,55,5,134,6,17,26,17,26,2,3,9,25,13,1,2,2
3199,4,2459,378,5.12,20,148,64,9,3,53,0,47,40,14,99,0,8,18,13,27,3,6,8,3,17,2,1,0
3200,4,2590,397,5.08,25,150,68,23,3,34,0,44,55,8,101,9,11,15,10,20,22,6,9,6,5,0,1,3
3201,3,2352,374,4.89,24,136,54,22,1,47,2,39,43,3,99,8,11,26,11,13,4,3,5,17,12,2,7,0
3202,4,2425,370,5.11,22,143,64,10,3,59,1,51,25,14,99,1,7,25,10,24,0,4,7,5,24,1,1,0
3203,4,2700,441,4.68,20,159,66,23,0,47,2,50,53,10,114,7,14,25,10,20,5,4,7,15,15,3,4,5
3209,4,2482,412,4.58,20,132,72,16,3,43,0,58,39,4,85,13,30,14,14,17,11,10,2,12,20,2,2,2
3211,3,3651,617,4.54,37,204,107,15,1,49,1,75,76,14,134,8,35,41,32,44,20,2,11,18,12,1,4,2
3212,4,1928,319,4.55,20,112,51,8,1,28,0,47,27,9,85,6,9,19,14,19,5,3,6,12,6,0,0,1
3216,3,1630,281,4.39,16,78,52,19,3,19,0,28,19,8,68,1,24,10,12,24,6,4,5,9,4,0,0,2
3217,2,2445,381,4.80,24,141,51,13,2,34,0,62,43,5,114,4,7,20,4,8,6,6,8,14,9,0,0,1
3218,2,4009,639,4.89,23,241,89,35,1,55,3,102,59,16,161,14,11,32,15,26,0,11,10,12,30,1,1,2
3220,2,1155,199,4.44,14,64,39,3,0,15,1,24,24,10,33,0,16,15,9,21,0,1,4,7,6,2,2,0
3223,2,1484,235,4.82,17,69,44,15,2,16,0,21,36,2,60,1,17,15,5,8,0,0,3,22,11,1,0,0
3228,3,2328,365,4.88,26,139,65,15,3,25,1,50,34,7,110,2,8,24,8,14,0,13,5,13,20,4,1,1
3229,3,1454,277,3.90,13,46,52,14,4,24,1,33,24,2,57,0,25,15,7,13,8,7,2,12,10,1,5,3
3232,2,3161,547,4.39,24,182,93,18,8,69,0,86,48,8,138,10,13,21,14,22,3,7,22,14,25,6,2,3
3233,2,2435,405,4.46,23,114,81,10,0,24,1,41,31,12,94,1,20,37,17,39,2,6,6,20,8,1,4,7
3234,2,1603,248,5.01,12,85,46,3,1,40,1,35,26,11,64,0,3,12,0,11,6,12,7,1,9,1,0,1
3238,5,3265,555,4.54,27,172,97,14,7,65,1,74,54,20,112,4,27,54,10,35,8,5,15,16,18,1,3,8
3244,4,1978,319,4.87,17,123,52,10,0,21,1,38,39,13,82,0,18,12,10,25,0,6,0,16,5,5,7,1
3246,5,3824,631,4.69,25,210,101,29,1,82,1,96,44,19,149,2,9,41,17,33,0,13,18,18,19,10,1,5
3250,4,2116,365,4.45,18,93,61,11,1,35,5,38,49,8,74,3,17,31,17,12,11,1,12,18,7,7,0,1
3255,4,2260,369,4.71,16,122,70,10,1,43,1,53,26,7,95,0,6,21,9,13,18,17,6,5,11,4,13,1
3257,5,2919,470,4.70,23,175,71,9,5,64,0,63,43,11,127,11,9,23,11,23,6,6,13,3,20,4,2,1
3259,4,2433,384,4.86,27,146,73,12,0,41,1,54,25,5,113,1,14,26,7,17,16,4,13,3,20,2,0,2
3262,2,1646,264,4.71,18,84,43,9,0,35,0,33,21,7,82,0,10,10,5,12,3,3,6,9,10,2,0,1
3270,2,2335,376,4.80,19,142,60,15,2,29,1,46,56,4,103,12,7,17,14,15,6,3,9,6,21,0,1,0
3881,2,977,165,4.56,10,54,31,2,1,10,0,17,17,2,38,2,7,10,8,8,2,0,3,6,12,3,1,1
3882,4,2437,411,4.52,24,111,69,16,0,39,0,41,41,7,112,12,13,32,12,22,13,11,4,10,9,3,2,1
3880,4,2309,384,4.72,18,137,53,6,0,46,0,60,20,15,108,34,8,14,9,22,1,9,6,1,14,0,0,0
3298,2,2322,374,4.65,15,139,76,13,6,26,0,53,32,4,105,3,11,22,10,18,3,12,10,18,15,2,1,5
3330,3,2359,341,5.09,16,163,52,10,11,19,1,48,44,10,92,21,5,21,10,16,1,8,3,5,19,1,0,0
3333,2,2130,310,5.31,17,124,52,12,0,19,1,39,43,3,84,5,18,19,8,17,1,6,2,8,18,2,0,0
3343,5,6017,962,4.86,55,339,163,41,8,69,2,138,88,10,260,2,69,36,21,29,60,15,20,25,14,4,3,0
3351,3,2262,350,4.84,18,132,57,11,2,36,0,46,36,10,102,8,6,27,7,20,1,4,5,9,18,0,1,1
3355,3,2336,361,4.96,20,138,55,6,11,44,2,55,55,6,77,1,7,29,7,12,3,2,6,18,14,0,1,1
3369,3,1570,239,4.91,14,96,41,4,1,28,0,35,17,6,74,2,2,21,8,15,1,5,3,5,12,0,1,0
3371,4,2008,322,4.71,23,102,62,7,8,32,1,42,14,8,88,4,8,26,11,23,1,6,3,10,19,2,2,2
3372,4,2364,399,4.49,17,137,67,19,1,44,1,47,43,5,101,0,16,26,10,19,3,8,8,16,13,4,4,5
3373,3,2012,308,4.81,18,123,54,6,4,26,1,39,21,8,74,26,13,25,8,14,4,6,7,5,18,1,2,1
3377,4,2112,321,5.01,14,132,55,6,8,43,1,45,43,5,77,1,3,23,7,13,4,3,7,14,14,1,1,1
3378,3,1433,226,4.81,18,70,44,4,2,22,3,31,21,5,61,1,5,19,6,12,5,6,3,7,11,0,0,0
3384,3,1558,250,4.92,14,81,37,6,0,40,0,38,24,4,66,1,4,15,8,11,0,2,8,4,12,0,1,1
3387,5,76,15,3.94,2,0,2,0,3,1,0,1,0,0,4,1,0,1,1,1,0,0,1,0,0,0,0,0
3389,3,1730,281,4.47,19,81,61,7,0,24,0,28,21,7,52,5,29,14,15,20,20,4,4,12,1,0,6,4
3409,2,2438,392,4.73,24,136,67,25,1,35,0,43,35,7,119,0,14,27,12,12,1,2,14,10,28,4,2,3
3424,3,2511,408,4.70,30,128,76,14,0,15,1,50,43,7,111,2,27,21,11,21,1,6,10,23,15,1,0,0
3435,4,2169,341,5.01,13,139,42,11,3,29,0,48,38,9,107,8,6,13,12,18,2,3,4,7,8,2,1,0
3436,0,5982,969,4.75,60,338,171,41,4,68,2,136,96,12,257,10,60,33,27,39,39,25,21,25,22,2,4,3
3442,0,45,8,4.30,2,1,2,0,1,0,0,0,1,0,3,0,0,1,0,1,0,0,0,1,0,0,0,0
3453,0,4104,655,4.73,30,226,95,11,41,58,0,99,63,7,237,13,3,10,12,12,27,6,31,4,15,6,0,2
3454,0,5883,976,4.59,43,309,145,42,55,94,1,146,78,5,302,23,7,36,18,17,47,7,51,9,14,2,0,0
3455,0,3779,613,4.75,38,213,102,17,6,29,1,76,39,9,131,49,48,38,22,32,27,9,11,10,13,1,6,3
3456,0,47,8,4.40,3,1,2,0,1,0,0,0,1,0,3,0,0,1,0,1,0,0,0,1,0,0,0,0
3457,0,42,8,4.00,2,1,2,0,1,0,0,0,1,0,3,0,0,1,0,1,0,0,0,1,0,0,0,0
3458,0,45,8,4.38,2,2,2,0,1,0,0,0,1,0,3,0,0,1,0,1,0,0,0,1,0,0,0,0
3488,4,1789,274,4.99,14,111,48,8,0,25,4,39,30,7,80,5,5,13,8,17,0,9,4,3,15,0,1,0
3493,4,2141,325,5.24,23,129,49,9,0,18,0,47,37,16,87,6,4,24,13,22,1,9,4,4,9,1,0,0
3504,4,2301,387,4.57,25,121,63,18,1,33,0,45,38,3,106,1,19,20,25,24,0,14,0,9,16,0,1,1
3527,4,1963,337,4.50,15,97,46,8,2,34,3,53,33,7,97,11,8,19,10,15,2,5,2,4,18,0,1,0
3582,3,2118,329,5.04,19,119,47,15,3,14,1,34,60,9,86,1,10,18,15,18,0,3,2,8,16,4,1,1
3583,3,1708,279,4.86,12,112,42,9,2,25,0,40,30,2,81,7,7,11,16,18,3,1,4,2,14,0,0,0
3586,3,2322,354,5.21,20,141,49,9,0,21,0,55,57,4,101,10,9,8,13,14,5,5,6,8,11,1,0,0
3587,2,1994,320,4.80,18,116,59,7,4,18,1,34,39,6,85,7,12,19,15,24,1,11,3,5,15,1,0,1
3589,2,1642,275,4.60,18,93,40,3,2,25,0,42,36,4,72,1,12,17,10,15,3,6,1,4,11,0,1,1
3590,2,1926,303,4.91,22,117,49,16,3,20,0,40,23,3,97,8,13,11,16,20,2,6,1,14,6,0,1,0
3616,4,2151,341,4.93,20,121,46,4,0,47,4,53,33,19,97,3,10,18,5,23,0,4,2,6,11,0,0,0
3627,4,2275,359,4.98,19,143,64,5,3,17,1,53,40,2,99,24,12,16,13,17,6,1,13,10,17,0,2,4
3631,3,1724,274,4.65,18,86,51,4,1,31,1,32,11,8,86,4,12,18,2,14,3,10,0,14,10,3,2,3
3649,4,2633,407,4.99,18,149,70,11,3,32,0,54,43,10,110,8,16,14,19,32,1,7,5,14,11,1,0,1
3653,3,1319,217,4.57,14,74,26,8,0,29,0,38,21,2,70,3,5,11,6,8,4,1,1,6,6,0,0,1
3656,3,2109,374,4.27,22,90,58,13,1,46,0,49,28,9,102,0,15,19,18,27,2,4,3,11,11,0,1,3
3658,4,2134,367,4.41,21,124,72,11,2,31,3,53,28,15,96,0,15,23,11,26,2,4,10,10,20,5,0,1
3660,4,2451,398,4.75,24,129,74,18,1,21,3,49,50,13,96,3,21,23,7,28,1,14,2,8,21,7,1,1
3661,4,2501,391,4.87,21,146,80,12,2,42,1,50,46,15,88,7,15,20,12,31,4,13,9,14,9,2,0,1
3879,3,5405,861,4.83,40,286,135,41,6,68,0,128,88,15,240,27,13,34,28,38,10,17,22,20,28,2,7,4
3663,4,2493,427,4.33,19,122,80,21,4,46,1,54,19,19,105,2,34,22,15,36,8,6,7,13,10,0,1,5
3878,4,1495,262,4.17,29,83,54,4,1,33,0,22,17,8,74,2,16,13,8,20,4,0,3,14,13,2,2,2
3668,4,2202,346,4.95,16,134,61,12,9,39,4,41,24,8,104,0,6,18,13,22,3,6,6,6,18,2,1,0
3669,3,1814,318,4.07,35,80,65,12,4,31,0,29,19,8,80,4,26,25,6,21,6,8,3,9,18,2,4,2
3670,4,2862,436,5.20,24,181,59,20,4,30,1,56,46,12,125,5,11,33,9,25,10,2,3,6,13,4,3,3
3671,5,2886,489,4.45,31,149,89,28,2,47,5,60,47,20,115,3,19,32,10,34,10,9,8,11,17,2,7,1
3672,5,2707,445,4.73,20,153,66,15,5,48,2,49,31,21,126,26,3,31,5,24,3,7,12,2,18,1,3,0
3673,3,2411,395,4.68,24,148,72,20,0,26,2,50,30,5,107,4,23,23,10,12,8,7,15,20,10,6,1,5
3674,4,2174,344,4.99,16,135,63,8,8,21,1,45,39,3,108,0,6,15,13,15,4,2,17,9,16,1,0,2
3676,5,2624,438,4.52,22,127,82,7,3,46,3,69,33,11,114,5,19,29,13,23,0,18,5,19,17,5,0,1
3677,3,4321,730,4.52,34,214,143,32,5,55,3,91,80,6,192,9,26,33,28,38,29,19,18,20,19,4,2,4
3680,5,2034,357,4.31,20,92,67,19,1,22,1,43,32,14,98,0,14,20,12,27,0,9,3,9,19,0,2,1
3681,5,2623,439,4.56,23,127,78,31,0,25,1,50,31,14,118,0,23,36,11,26,6,11,3,15,17,2,2,2
3682,4,1991,313,4.91,19,126,60,4,0,20,3,49,25,3,83,9,10,18,13,14,10,9,11,8,8,3,0,1
3684,4,2607,405,4.99,25,155,76,15,2,39,2,53,30,8,105,7,18,21,14,22,8,7,6,10,23,2,2,4
3687,3,4578,747,4.69,31,268,121,23,6,67,11,96,80,24,203,0,20,42,27,47,7,11,9,27,20,3,2,3
3689,2,1570,261,4.56,17,84,43,11,3,21,0,37,30,8,58,4,18,14,5,17,0,0,3,12,11,0,1,1
3690,4,1624,262,4.92,10,110,52,4,9,19,0,31,27,3,74,0,5,10,16,18,2,0,11,5,16,2,0,2
3692,4,3162,518,4.60,30,178,91,35,3,54,1,59,70,11,93,22,16,28,8,20,33,18,7,5,8,4,2,2
3693,3,1186,194,4.52,27,67,44,5,0,20,0,15,11,2,50,5,19,20,6,8,16,5,3,10,2,0,1,0
3695,2,1270,210,4.70,15,75,36,12,1,17,3,18,24,4,52,2,10,15,9,16,0,3,1,3,13,1,0,0
3697,4,2285,370,4.66,23,128,71,9,1,41,4,48,34,12,87,8,17,18,10,25,11,4,9,15,7,2,1,2
3698,4,2797,446,4.74,28,137,88,16,1,38,0,56,45,16,125,4,7,27,11,27,2,14,13,8,24,5,1,2
3700,3,1570,252,4.49,27,78,51,5,1,34,0,26,19,8,72,2,5,30,4,15,2,4,6,10,14,0,0,0
3701,3,1922,321,4.59,15,119,33,15,0,51,1,65,25,8,99,0,7,12,3,11,0,2,2,9,9,0,3,0
3702,4,2547,405,4.83,25,141,82,16,1,15,0,51,40,9,114,2,26,20,16,24,9,8,12,18,11,3,0,3
3704,4,2683,391,5.44,27,162,65,15,4,10,0,51,46,4,125,8,14,21,7,17,0,5,10,11,22,3,1,3
3705,4,2039,332,4.66,20,105,65,14,2,15,2,45,30,0,94,2,13,17,21,18,2,2,4,28,11,3,0,0
3706,4,2147,355,4.61,17,128,52,7,4,36,0,57,38,4,87,28,6,14,13,17,1,2,6,6,20,1,0,2
3707,4,1669,267,4.66,20,95,55,5,3,24,0,24,29,6,73,1,9,20,12,19,1,8,1,19,7,0,0,0
3710,4,3594,586,4.68,27,204,98,34,2,55,1,76,49,8,163,5,16,21,20,22,2,5,14,27,28,8,6,3
3712,5,3860,620,4.70,36,212,116,21,4,62,2,79,59,14,159,8,18,37,19,25,6,13,20,17,35,8,2,0
3713,4,2572,408,4.88,22,138,69,21,0,30,0,50,63,5,106,4,16,21,12,19,5,10,6,8,21,3,0,1
3714,5,2274,351,5.08,20,160,79,7,1,20,1,55,35,7,85,7,17,17,14,18,14,3,13,18,13,7,0,2
3723,3,3895,585,5.25,26,218,105,16,2,62,1,72,72,15,148,0,14,30,22,36,7,11,13,18,20,4,8,4
3726,4,2886,469,4.74,27,158,75,7,2,46,2,66,59,15,123,12,7,31,10,25,3,8,6,5,28,6,0,3
3728,4,1527,238,4.79,20,93,47,2,2,32,0,25,13,5,72,4,6,23,12,20,2,4,1,7,13,0,0,2
3729,4,2431,387,4.84,20,152,86,9,2,22,2,55,30,3,99,0,21,20,24,27,3,9,4,25,18,4,2,1
3730,5,2653,455,4.50,25,130,77,7,3,45,1,75,39,10,115,2,22,27,15,24,3,6,6,17,21,3,0,3
3731,5,2540,390,5.14,21,153,57,19,0,31,2,47,60,8,99,15,7,16,12,22,8,4,3,6,14,4,3,0
3732,3,1534,255,4.64,13,76,41,7,0,14,1,34,30,5,75,8,6,10,8,12,3,4,2,7,13,2,1,3
3736,4,2573,429,4.51,26,125,75,13,1,25,1,56,37,8,119,2,31,27,7,17,16,8,6,14,14,3,1,4
3740,4,2739,444,4.76,23,146,77,19,1,42,0,68,47,9,101,2,17,39,8,17,1,15,13,19,12,3,0,1
3741,4,3016,497,4.64,24,152,96,10,5,50,1,61,44,3,129,1,9,32,32,30,4,7,20,18,17,1,4,3
3742,4,2010,339,4.42,20,91,65,10,8,27,0,42,21,8,88,0,14,26,16,20,3,16,5,9,12,2,1,1
3743,5,4783,728,4.91,34,290,103,25,3,65,3,82,69,17,253,27,7,47,20,32,3,18,13,7,30,4,0,0
3744,3,1353,207,4.81,22,86,46,6,0,11,0,23,13,3,71,1,9,15,8,16,0,5,0,13,12,0,1,5
3753,4,1801,268,4.98,17,112,50,4,0,18,0,29,30,3,92,8,4,17,12,18,0,10,2,13,7,1,0,0
3755,2,1685,278,4.68,15,96,48,11,1,32,4,26,37,5,63,2,7,14,15,24,0,3,3,4,14,1,2,1
3757,4,2322,365,5.01,18,148,62,6,6,44,0,52,30,10,85,18,8,15,19,24,5,6,5,6,16,3,0,1
3758,4,2603,412,5.02,17,142,46,30,2,33,0,62,38,12,119,3,14,19,10,20,3,4,4,13,2,1,0,3
3759,4,3315,527,4.72,25,170,93,20,1,61,2,60,30,10,169,4,3,42,16,25,4,30,6,10,18,2,0,2
3767,3,1691,281,4.50,25,86,53,8,0,35,0,30,18,9,73,5,15,20,8,13,9,4,4,15,8,7,1,0
3768,3,1676,263,4.63,21,91,46,8,0,36,1,23,23,3,94,2,4,17,12,16,0,3,4,5,18,0,0,2
3769,3,2356,385,4.53,25,129,59,7,2,37,1,59,26,11,115,0,11,34,8,18,3,6,8,8,16,1,1,2
3772,4,2027,326,4.77,20,131,53,13,0,32,1,40,37,5,92,4,7,21,13,17,5,6,4,6,15,2,0,1
3775,3,2106,332,4.77,29,121,57,8,2,25,1,47,32,9,90,10,12,27,7,13,2,0,10,23,9,3,4,0
3777,3,1824,295,4.85,23,101,49,9,0,38,0,33,32,1,78,1,22,16,10,6,0,1,11,11,20,0,0,1
3778,5,2171,351,4.76,21,127,74,18,3,33,2,30,32,5,74,4,14,28,16,27,9,4,9,14,11,7,2,3
3779,4,2836,472,4.51,25,162,74,9,1,42,0,65,61,5,128,4,17,20,25,27,1,8,4,23,11,2,4,1
3780,3,1378,229,4.66,16,69,39,9,0,18,1,24,28,8,59,3,3,27,7,18,0,4,3,9,5,1,2,0
3781,3,2172,322,5.20,24,119,44,13,1,23,1,47,47,6,89,2,13,21,6,9,1,0,8,17,9,1,0,2
3783,4,1649,266,4.71,21,97,37,4,1,44,0,30,22,9,76,16,0,19,9,15,1,1,3,6,11,2,0,0
3785,5,2727,425,5.07,21,168,74,20,5,32,2,58,53,13,96,4,8,26,16,27,2,5,11,8,21,4,1,0
3788,5,3180,483,5.19,23,195,91,13,3,31,1,65,63,17,112,11,16,27,10,31,9,6,10,19,16,3,1,2
3789,3,2173,344,5.03,21,140,60,6,0,46,0,42,28,10,87,9,13,15,18,27,6,3,7,6,11,0,3,0
3790,3,2134,332,4.83,23,133,64,9,2,21,0,39,32,4,95,2,17,22,14,19,5,5,7,12,16,1,0,1
3791,5,2733,433,4.84,22,140,77,14,2,33,2,68,35,6,99,6,26,26,11,18,10,5,12,19,13,6,1,2
3792,3,2533,393,4.84,24,128,72,12,4,37,1,50,41,7,105,5,11,19,6,12,6,12,9,24,9,2,9,2
3795,3,2082,335,4.77,21,134,53,15,0,27,0,40,35,9,83,6,8,34,14,20,4,1,5,12,11,2,1,1
3797,4,3264,557,4.43,33,155,108,16,1,62,2,78,42,15,122,6,41,25,20,28,11,10,11,24,24,3,8,1
3799,3,2024,319,4.91,17,113,56,23,0,32,1,32,33,6,77,1,10,19,10,18,0,4,6,18,10,1,3,2
3800,4,2347,375,4.75,20,130,51,11,0,29,3,61,35,6,125,1,11,19,10,17,0,4,0,25,5,2,3,1
3801,3,1799,294,4.79,15,107,58,13,0,12,0,36,35,8,63,1,14,16,19,28,0,7,3,9,11,2,0,1
3804,5,3614,561,4.85,33,223,101,26,8,39,1,74,74,6,136,26,23,13,15,27,16,5,10,28,15,0,5,5
3805,5,2224,359,4.89,18,141,42,13,0,47,0,57,31,13,123,3,4,18,5,19,4,5,2,2,10,0,2,0
3806,5,2759,421,5.19,19,181,77,10,3,44,1,57,36,11,104,14,11,18,17,24,1,6,13,8,25,2,2,1
3808,5,2912,454,4.89,28,162,89,21,1,29,0,51,52,19,107,3,23,30,8,28,4,14,13,18,12,6,1,3
3809,4,2713,447,4.66,24,149,75,11,0,59,1,62,44,13,102,20,16,16,7,24,23,6,9,8,5,2,10,2
3810,4,1709,296,4.29,17,84,55,11,2,27,2,35,24,7,74,1,9,20,10,18,0,2,6,23,6,5,3,4
3812,5,2965,465,4.97,23,181,80,9,0,70,0,64,46,9,109,8,12,22,14,26,15,5,12,11,11,1,4,2
3815,3,2584,436,4.58,27,132,68,16,5,56,1,61,40,9,104,2,19,32,6,19,6,7,8,12,16,5,0,2
3816,5,3133,492,4.92,23,173,82,15,0,59,1,65,38,8,164,0,4,28,12,18,7,6,18,8,25,2,3,0
3817,3,1662,272,4.69,17,90,45,6,0,18,1,27,25,1,61,25,4,38,14,6,7,4,8,13,7,0,4,0
3818,4,2133,329,5.12,22,126,43,8,1,35,0,61,33,8,101,7,8,9,6,12,4,6,4,9,8,1,1,1
3821,4,2070,308,5.26,19,120,62,6,1,42,3,30,30,9,83,2,5,13,13,20,2,14,8,6,12,1,0,0
3822,4,1835,287,4.89,13,102,55,4,2,30,2,47,23,2,81,7,6,15,5,6,8,8,10,13,10,0,0,3
3823,4,2429,417,4.32,29,120,79,20,1,21,0,45,31,16,96,4,40,29,11,27,9,6,4,18,15,0,2,5
3825,5,1926,316,4.61,15,102,60,8,5,38,1,50,26,8,81,3,5,21,9,18,2,4,19,8,9,2,0,0
3828,5,2340,371,4.74,23,147,76,10,3,30,0,40,41,7,105,2,12,21,21,18,6,6,6,14,26,3,0,1
3829,5,2725,420,4.96,23,163,59,11,7,33,1,60,67,11,111,0,11,30,3,14,3,4,8,18,12,2,3,3
3830,4,2968,493,4.45,28,146,92,17,5,32,1,59,37,7,133,4,24,33,12,17,3,5,13,40,14,4,5,6
3832,3,2685,425,4.91,26,183,59,20,4,56,0,52,55,3,121,10,5,15,8,15,16,5,2,12,9,1,4,1
3833,3,1694,257,5.18,16,102,44,4,1,27,0,37,29,6,65,0,9,13,12,20,0,6,3,8,7,3,0,1
3834,5,2380,393,4.52,24,122,66,13,0,36,1,54,46,3,108,7,8,22,14,15,8,6,9,11,17,5,1,1
3837,4,2854,446,4.99,23,182,88,5,0,50,0,51,50,14,99,4,10,20,23,32,5,11,8,16,16,5,5,6
3839,4,1820,309,4.36,29,75,55,10,0,22,1,28,21,7,85,9,19,25,7,14,1,0,3,31,6,2,9,2
3842,4,2693,414,4.93,32,188,71,15,1,56,3,39,35,2,118,7,10,22,18,19,13,8,8,6,17,0,2,0
3847,3,2265,366,4.78,25,129,51,8,0,40,0,57,40,13,106,4,13,26,7,23,4,6,2,9,7,0,0,0
3849,5,2263,354,4.91,17,134,72,5,3,27,0,57,37,10,84,0,13,17,16,22,1,23,1,8,17,1,0,1
3850,5,2487,384,5.06,24,154,60,8,3,30,0,50,49,11,92,16,20,26,16,21,11,2,7,8,11,4,0,1
3851,3,2481,436,4.30,31,104,79,18,1,35,0,55,39,7,101,0,29,29,12,27,5,6,5,22,14,4,3,4
3853,5,3212,549,4.50,25,155,88,20,1,46,2,69,53,8,178,1,8,33,17,15,4,10,18,3,38,3,1,2
3854,4,3255,504,4.84,28,174,83,15,2,59,1,68,42,16,151,9,4,35,10,24,2,24,10,13,10,0,2,0
3857,4,2387,388,4.82,19,136,59,6,4,28,2,56,33,13,115,21,4,29,6,21,12,1,9,8,8,4,0,0
3876,3,1335,208,5.00,12,91,34,6,0,33,0,26,10,7,61,3,8,10,5,13,1,3,2,3,12,1,0,1
3864,2,1159,189,4.41,11,53,29,6,3,21,2,30,19,5,42,2,8,22,3,8,4,2,3,6,6,2,1,0
3865,4,3537,541,5.05,30,229,94,29,1,36,0,69,74,10,141,9,10,32,20,24,4,15,13,17,21,3,1,8
3866,4,1569,243,4.89,22,86,46,5,2,20,1,26,14,11,71,2,13,22,8,21,0,7,2,11,5,0,0,0
3867,4,1858,324,4.39,19,80,52,8,1,41,3,33,41,11,78,2,9,17,15,21,0,7,3,4,17,1,0,0
3868,2,2286,354,5.02,20,125,62,20,0,28,2,45,35,5,87,9,10,27,13,19,5,5,5,17,11,1,1,2
3869,3,2092,349,4.60,22,121,59,14,0,28,0,46,31,5,96,6,10,12,17,20,7,3,6,17,6,1,1,2
3870,3,2338,365,4.97,18,137,51,14,1,38,1,46,45,7,103,1,7,15,10,15,0,11,2,9,14,3,1,2
3872,5,3478,537,4.97,26,206,86,24,0,38,0,74,62,22,156,0,5,21,28,48,1,8,11,11,7,0,5,4
3900,5,2622,434,4.61,22,143,66,12,5,42,0,59,35,11,118,8,11,28,16,26,3,5,4,15,13,2,7,1
3902,3,2732,423,5.05,31,160,88,4,13,47,0,51,27,8,114,0,14,22,20,28,0,6,4,19,31,2,1,8
3903,4,1959,318,4.76,17,111,71,12,1,26,1,41,24,7,75,5,20,11,11,22,6,10,5,13,15,1,4,1
3906,3,2258,376,4.45,26,124,70,9,2,37,0,33,34,6,99,4,21,28,18,26,15,7,4,6,12,1,0,2
3909,4,2856,472,4.56,26,140,93,19,0,33,2,53,43,25,118,1,15,41,7,38,3,7,15,17,13,6,6,0
3910,3,2640,427,4.74,26,151,67,14,2,40,1,60,55,10,105,16,10,17,4,20,8,11,7,9,12,0,0,4
3911,4,3118,499,4.83,28,174,86,12,2,47,2,83,40,9,122,8,43,22,5,13,8,12,12,14,27,1,1,3
3914,4,2243,355,4.92,19,148,53,20,1,38,0,51,40,2,97,9,4,16,10,16,5,3,5,18,6,1,0,0
3915,4,2324,364,4.89,20,132,52,12,2,48,1,50,37,14,99,9,7,16,9,21,7,2,7,5,10,3,1,1
3916,4,1907,309,4.71,18,112,66,10,4,41,0,44,21,3,79,5,13,5,7,12,20,11,6,9,8,6,0,1
3917,4,1792,264,5.36,16,110,49,5,2,17,1,31,31,8,60,0,10,24,16,25,0,5,3,12,4,2,1,3
3920,3,2695,397,5.36,28,171,70,10,0,36,0,52,37,7,125,4,8,22,10,17,9,11,6,13,14,3,0,2
3924,5,3336,545,4.77,28,195,89,10,6,55,1,75,77,18,133,5,7,30,22,37,12,10,8,5,17,8,3,4
3925,3,1691,276,4.76,17,92,44,12,1,12,0,44,45,8,76,1,3,24,3,13,3,7,9,7,5,2,0,0
3926,4,2535,405,4.84,23,151,56,12,1,47,0,68,42,12,108,3,12,24,6,20,5,3,10,9,9,2,0,0
3927,2,2658,419,4.93,32,182,75,9,3,44,0,39,41,7,114,24,11,22,24,24,19,6,2,14,10,1,2,1
3929,3,2626,422,4.77,22,155,44,9,2,66,0,66,52,10,128,8,7,17,2,16,7,5,1,8,7,0,1,1
3933,4,2663,420,4.84,36,149,75,12,2,24,0,45,48,2,122,6,17,44,13,22,9,4,5,19,16,4,2,1
3934,3,1785,275,4.98,15,108,39,8,4,33,3,43,29,6,73,7,4,12,6,10,0,7,1,6,15,3,0,0
3936,3,3785,587,5.04,36,234,102,17,2,64,2,71,50,12,172,5,16,35,20,35,8,5,11,22,21,1,1,3
3937,3,2320,354,5.17,21,161,45,11,2,33,0,49,56,12,97,11,7,19,7,16,5,2,4,9,9,3,0,1
3938,4,2343,375,4.83,21,136,58,10,3,28,2,61,42,3,90,6,23,19,9,12,1,3,9,22,11,1,1,1
3939,3,3068,501,4.73,26,184,101,11,2,48,2,57,50,13,123,2,10,30,26,37,8,6,11,14,25,4,10,6
3943,4,2024,325,4.91,21,116,44,20,1,24,0,42,33,9,97,8,11,21,10,21,2,2,1,10,8,1,1,1
3945,4,2150,345,4.78,19,116,56,13,0,53,5,37,30,14,104,2,2,15,9,18,3,5,7,12,11,3,1,1
3947,3,1656,267,4.69,16,95,36,10,6,13,5,45,29,4,82,0,3,17,6,9,0,2,0,13,12,1,1,1
3949,3,1475,226,5.07,14,94,35,4,0,27,2,31,20,9,72,5,3,8,3,12,4,3,2,3,11,2,0,1
3950,4,2205,343,4.89,26,125,51,11,4,28,0,39,26,14,113,20,9,21,8,24,0,3,2,6,16,1,0,0
3951,4,2269,346,5.06,18,132,71,6,0,31,2,61,13,12,105,0,8,14,13,25,0,14,5,11,16,1,1,1
3954,4,2785,438,4.98,20,164,62,12,3,41,2,66,42,12,112,33,5,29,5,19,1,10,5,7,20,1,0,0
3959,3,1980,307,5.00,22,115,54,5,1,38,3,37,11,17,97,1,9,20,11,29,1,4,2,7,11,1,0,1
3960,3,1988,317,4.94,20,119,45,11,4,21,3,57,27,6,94,4,7,14,13,18,0,2,2,13,10,1,0,1
3961,3,1927,284,5.02,17,114,47,13,0,12,0,39,50,11,78,0,2,23,5,14,1,5,12,12,3,1,0,0
3964,3,1785,274,5.14,16,108,41,3,1,28,4,36,32,7,78,4,5,18,7,13,6,6,1,6,9,2,0,1
3968,4,2226,346,4.81,24,113,57,9,2,37,2,44,27,15,97,1,12,17,14,27,0,4,3,11,12,1,2,4
3969,3,4034,651,4.75,23,214,99,20,1,82,2,97,84,9,149,20,15,22,17,25,12,11,19,20,12,5,6,1
4083,3,2595,443,4.45,26,123,70,6,2,61,3,85,31,9,89,0,34,24,8,14,4,7,10,9,26,2,2,2
4082,5,2981,474,4.83,26,174,92,16,0,51,2,58,57,9,116,3,10,16,18,30,5,19,3,14,21,9,3,2
4081,3,3114,498,4.84,39,192,83,12,3,66,1,56,43,16,117,17,22,30,12,20,20,9,9,9,16,3,3,3
4079,2,3218,515,4.90,24,190,77,25,1,72,0,49,46,6,136,1,14,25,27,32,2,9,9,12,13,4,0,2
4080,4,3237,503,4.98,25,185,80,19,3,51,3,79,63,8,125,6,14,28,10,17,4,9,12,17,21,5,0,0
4084,3,3151,516,4.69,33,171,82,17,0,57,2,71,72,10,153,0,8,20,16,28,7,3,13,16,15,4,0,0
4085,4,2300,384,4.64,23,118,69,10,5,39,0,58,34,6,83,4,36,14,14,21,4,2,5,28,9,2,1,1
4088,5,2505,397,5.02,21,177,44,6,1,57,0,70,38,11,104,19,5,17,8,16,0,1,2,4,21,1,0,0
4092,4,2728,454,4.60,23,153,67,15,12,48,0,55,50,13,100,10,17,21,30,31,8,7,4,3,14,5,3,0
4093,4,2669,423,4.78,24,142,77,18,1,41,1,56,19,13,128,6,23,17,11,26,3,14,1,20,13,1,0,6
4094,4,2423,401,4.54,25,119,78,6,2,59,3,34,27,21,108,0,14,30,15,37,14,4,10,3,10,2,0,1
4097,3,2486,381,4.95,17,161,63,4,12,41,3,65,25,12,97,18,6,27,4,17,8,8,11,4,15,2,0,0
4098,4,2571,396,5.15,19,163,70,13,1,34,0,52,51,5,99,1,20,28,13,22,4,7,7,14,16,1,2,2
4099,3,2395,380,4.78,31,145,58,9,1,48,3,47,56,13,90,22,8,18,8,21,6,2,8,9,12,1,1,1
4100,4,1555,271,4.34,22,81,55,7,0,22,1,30,23,4,57,12,19,20,7,15,17,5,8,7,3,2,1,1
4104,4,2842,488,4.46,24,161,79,31,3,33,2,61,34,10,123,2,38,27,15,24,11,8,3,23,10,3,9,2
4106,4,1993,319,4.87,15,106,45,8,3,30,3,46,32,14,85,9,3,30,8,21,1,6,4,7,6,2,0,0
4107,4,2345,358,5.12,19,145,61,10,5,42,1,44,35,11,103,0,5,25,13,22,0,11,6,5,17,0,1,1
4108,4,3022,494,4.72,24,177,84,4,1,80,2,63,49,17,104,21,6,36,21,34,5,9,9,3,24,0,3,2
4109,4,3953,640,4.78,27,260,118,29,0,75,0,71,70,14,147,11,11,31,32,44,11,20,9,8,26,2,6,2
4111,4,2041,310,4.98,20,115,50,10,1,23,0,50,17,13,93,6,15,22,8,23,0,12,1,9,5,1,0,0
4112,4,2285,376,4.69,21,126,62,14,1,36,0,55,38,9,124,0,3,19,10,25,0,7,3,16,11,4,1,0
4113,3,2049,322,5.02,17,133,54,10,0,44,0,41,38,15,79,1,11,13,7,23,2,7,6,7,9,0,1,0
4114,4,2670,393,5.24,17,154,48,4,6,51,2,69,51,4,109,6,5,19,9,11,1,11,2,9,14,2,0,0
4115,4,1686,291,4.34,20,82,59,11,1,30,0,33,25,9,63,0,21,11,10,21,0,7,8,17,6,1,1,0
4119,4,2004,354,4.23,23,86,70,18,0,33,0,42,16,1,69,1,43,27,12,19,6,7,7,27,4,3,2,2
4121,3,2216,351,4.73,25,124,66,8,2,34,3,52,29,10,107,6,7,26,1,17,2,14,4,18,11,3,3,0
4123,3,1951,336,4.43,19,101,56,9,2,44,1,44,40,10,66,6,19,23,10,21,9,2,7,6,11,2,2,1
4124,3,1772,295,4.69,17,96,49,8,0,44,2,33,20,18,76,2,4,21,14,28,0,3,2,5,11,0,0,0
4126,3,1483,245,4.75,16,88,35,4,0,25,0,33,29,1,63,24,4,10,5,5,2,1,1,10,16,2,1,0
4128,4,2214,364,4.66,26,110,70,21,2,22,1,45,30,11,81,1,31,24,4,20,14,5,2,20,9,0,0,7
4129,4,2921,444,5.10,20,170,73,13,0,47,0,75,51,15,125,1,7,20,10,29,2,14,6,9,13,2,3,0
