"","essayNo","X.",".","CC","CD","DT","EX","IN","JJ","JJS","MD","NN","NNP","NNS","PRP","PRP.","RB","RBS","RP","TO","VB","VBD","VBG","VBN","VBP","VBZ","WDT","WP","WRB","type","rate"
"1","1000",9,13,12,7,19,13,1,8,28,3,30,1,4,15,6,13,1,1,6,17,3,2,9,2,2,2,9,13,"TOEFL",2.5
"5","1005",22,23,8,3,29,2,36,17,9,59,1,16,2,25,4,22,1,7,15,10,10,11,6,2,1,1,22,23,"TOEFL",5
"6","1006",5,1,13,13,8,20,10,1,8,26,3,28,1,4,17,5,11,1,1,7,18,4,1,2,8,2,2,5,"TOEFL",2.5
"7","1007",15,13,5,1,28,1,28,22,8,9,54,13,4,7,13,3,12,22,1,7,2,5,9,1,2,15,13,5,"TOEFL",2
"8","1008",23,1,23,12,1,29,48,29,1,14,69,2,35,1,20,34,1,7,24,6,10,14,17,1,1,4,23,1,"TOEFL",4.5
"11","1011",24,13,15,1,27,39,29,4,1,8,50,47,2,6,8,26,2,1,12,24,3,6,12,6,6,1,24,13,"TOEFL",2.5
"17","1020",25,4,21,13,3,42,1,48,33,1,15,49,3,33,1,6,22,14,15,1,1,5,21,1,10,4,20,9,"TOEFL",5
"18","1021",18,2,15,11,6,37,47,37,1,14,43,31,19,4,20,6,22,34,1,3,3,11,5,4,3,3,18,2,"TOEFL",4
"23","1027",25,2,16,13,2,25,40,37,1,1,11,35,4,50,1,17,16,24,2,1,6,21,2,4,6,15,2,3,"TOEFL",3.5
"24","1028",7,2,20,1,10,3,15,33,22,1,3,41,1,26,20,14,14,1,13,20,11,7,4,14,4,3,1,3,"TOEFL",4
"26","1038",8,14,2,2,11,8,35,20,3,4,44,28,14,6,22,9,14,5,6,6,12,10,3,3,2,8,14,2,"TOEFL",3.5
"29","1041",1,1,23,33,1,1,32,3,49,109,60,2,9,117,56,1,36,6,46,22,36,1,2,31,36,26,10,22,"TOEFL",3.5
"35","1050",17,15,9,1,16,2,28,36,1,13,48,19,1,17,3,1,7,21,4,7,7,9,6,17,15,9,1,16,"TOEFL",3.5
"37","1052",10,22,1,1,27,1,28,1,55,31,2,1,3,64,2,30,32,10,19,2,14,27,2,12,4,36,6,2,"TOEFL",5
"39","1054",14,2,17,14,2,38,6,45,36,1,13,39,44,21,1,36,2,1,9,21,1,11,5,22,9,2,1,6,"TOEFL",4
"40","1056",1,1,1,1,1,1,1,1,1,1,1,1,1,1,1,1,1,1,1,1,1,1,1,1,1,1,1,1,"TOEFL",2.5
"41","1057",10,2,22,11,2,15,26,32,2,2,50,7,29,18,19,13,1,15,15,23,6,2,9,2,2,4,3,10,"TOEFL",4
"44","1061",10,16,2,5,2,34,26,19,6,44,2,9,1,14,3,10,3,2,10,22,2,1,6,10,13,2,2,1,"TOEFL",3.5
"46","1063",17,2,16,13,36,36,33,1,12,54,1,27,16,8,23,1,1,21,30,3,3,14,6,2,17,2,16,13,"TOEFL",4
"47","1064",21,2,23,3,2,28,49,21,3,10,54,5,2,29,1,3,27,5,21,2,21,25,1,17,2,15,8,1,"TOEFL",3.5
"48","1065",17,4,19,3,3,11,7,30,38,33,9,28,1,39,3,8,1,10,1,7,15,9,8,18,13,3,4,5,"TOEFL",4
"49","1066",13,2,14,6,2,35,4,34,26,10,12,55,28,3,9,5,7,3,1,2,10,20,6,7,5,8,7,5,"TOEFL",4
"52","1069",13,21,2,2,23,1,23,39,38,5,40,4,54,9,3,17,5,12,5,9,4,19,3,9,1,13,21,2,"TOEFL",4
"54","1071",7,1,24,10,1,20,36,28,2,8,50,5,27,23,14,14,1,1,1,9,20,12,10,3,10,5,2,4,"TOEFL",4.5
"59","1076",13,16,2,2,13,8,39,24,3,4,50,32,19,8,26,1,11,16,5,7,6,15,8,2,3,2,13,16,"TOEFL",4.5
"62","1079",12,1,20,20,1,18,1,42,36,2,1,4,51,4,38,1,16,10,33,15,27,2,9,4,14,12,3,1,"TOEFL",5
"65","1083",19,25,1,1,16,2,33,3,36,40,3,13,51,1,30,3,24,3,16,3,1,16,33,3,6,14,17,1,"TOEFL",3.5
"67","1085",13,3,24,2,2,18,2,18,1,49,41,3,1,8,37,46,33,14,37,6,1,2,10,23,6,3,7,38,"TOEFL",4
"69","1087",11,18,9,7,16,4,43,29,5,31,4,29,11,4,20,1,1,3,15,20,3,10,3,18,7,2,1,2,"TOEFL",5
"70","1089",1,1,10,13,2,2,9,4,28,1,58,26,1,1,4,67,4,31,3,8,3,18,7,11,3,2,8,9,"TOEFL",3
"71","1090",15,1,26,16,2,53,2,72,37,3,11,75,1,15,60,11,39,6,4,13,25,7,24,6,31,19,5,1,"TOEFL",5
"73","1094",1,1,21,1,18,1,11,34,48,36,4,14,66,3,21,1,21,6,14,2,14,27,2,12,6,6,8,3,"TOEFL",4.5
"74","1095",27,2,21,1,1,12,3,38,45,37,6,1,2,36,1,35,1,23,7,24,1,2,7,12,2,8,12,30,"TOEFL",4
"77","1098",13,16,5,1,37,1,54,40,1,1,7,72,3,1,15,2,3,24,1,11,20,3,9,9,12,1,13,16,"TOEFL",3
"82","1103",15,1,16,7,42,61,48,4,5,60,2,24,24,7,11,2,18,20,6,6,20,7,5,2,15,1,16,7,"TOEFL",4
"84","1106",1,1,22,14,11,3,32,32,15,1,9,40,1,26,1,14,3,18,1,5,14,2,3,10,12,13,2,1,"TOEFL",5
"87","1110",18,19,15,2,16,42,26,3,5,49,1,29,5,25,15,27,2,1,16,26,5,10,2,15,6,1,4,1,"TOEFL",5
"89","1112",14,16,2,2,15,1,12,44,25,1,2,3,51,33,16,8,19,8,13,3,8,4,16,8,2,2,1,14,"TOEFL",5
"90","1113",13,16,1,12,36,37,30,6,7,68,1,20,3,11,5,26,1,2,13,22,4,5,2,12,9,3,2,2,"TOEFL",3.5
"97","1120",9,14,2,7,19,30,24,1,8,34,3,10,26,4,11,3,3,9,21,11,1,7,9,9,4,2,9,14,"TOEFL",4.5
"98","1121",1,1,22,1,21,13,64,1,63,60,5,4,78,6,42,2,2,7,8,38,2,1,19,20,8,10,12,17,"TOEFL",4
"99","1122",21,25,1,1,16,2,34,2,40,43,3,12,58,1,26,4,24,4,14,3,1,12,30,5,6,14,19,2,"TOEFL",4.5
"100","1123",19,1,22,38,31,60,44,3,6,86,7,41,3,11,7,24,4,12,15,2,6,7,21,5,4,1,1,19,"TOEFL",4.5
"101","1124",12,12,1,1,7,19,30,23,1,8,29,6,12,24,4,12,3,2,9,21,9,2,8,9,9,4,2,12,"TOEFL",5
"102","1125",24,2,31,1,1,19,1,54,71,41,4,3,11,104,3,33,1,35,18,21,2,3,19,33,5,11,12,10,"TOEFL",4
"104","1127",25,24,19,6,55,69,52,3,12,85,5,49,4,13,4,23,1,1,1,21,27,2,4,12,14,13,2,2,"TOEFL",3
"111","1134",18,17,6,68,1,60,35,1,6,59,10,34,3,6,1,16,2,9,12,8,11,9,13,1,1,1,18,17,"TOEFL",3.5
"116","1139",9,17,5,52,1,47,36,9,35,1,40,2,4,6,3,16,1,1,10,16,21,4,9,5,9,17,5,52,"TOEFL",4
"122","1145",18,2,20,19,7,41,49,25,1,1,3,58,3,33,4,18,7,15,1,6,13,6,13,5,17,15,2,1,"TOEFL",4.5
"125","1149",15,17,11,3,24,3,39,35,17,33,3,38,3,1,6,10,2,5,24,1,1,8,6,10,2,2,15,17,"TOEFL",4
"127","1151",26,4,27,1,2,15,3,32,1,41,28,1,5,47,6,2,48,2,2,18,9,17,1,23,26,4,6,14,"TOEFL",4.5
"129","1153",4,13,7,16,2,20,8,6,34,8,1,9,1,14,6,16,1,1,1,11,5,1,1,4,13,7,16,2,"TOEFL",2.5
"133","1160",26,5,31,1,11,1,38,58,43,1,2,74,7,45,1,22,3,19,1,4,17,12,2,22,9,19,28,1,"TOEFL",4.5
"134","1161",24,1,27,16,2,49,1,66,40,3,3,10,88,2,31,1,32,13,20,3,3,17,31,2,9,9,8,35,"TOEFL",5
"137","1164",23,22,3,3,33,41,25,3,8,76,5,14,11,8,15,1,1,10,15,3,6,2,7,20,5,1,1,1,"TOEFL",3
"142","1170",16,1,15,8,2,45,2,54,24,2,5,62,2,28,7,10,4,11,3,9,1,3,6,10,16,3,3,2,"TOEFL",3.5
"143","1171",1,1,11,17,2,2,16,6,55,2,55,37,8,69,2,42,7,5,3,16,7,15,1,6,4,11,17,4,"TOEFL",2.5
"154","1182",13,22,9,3,25,5,36,23,2,1,10,40,1,10,2,26,4,23,17,25,4,2,6,19,6,1,4,2,"TOEFL",4
"156","1184",12,2,14,3,1,61,3,65,51,2,6,58,4,36,1,3,7,1,10,14,3,4,13,8,10,1,1,1,"TOEFL",2.5
"157","1185",11,19,4,1,34,46,32,1,3,46,3,23,3,13,6,22,9,16,9,11,5,4,23,12,10,1,11,19,"TOEFL",4
"158","1186",21,24,9,2,40,1,42,38,4,6,50,3,54,3,8,2,19,2,15,19,4,5,4,20,8,2,2,21,"TOEFL",3.5
"162","1190",14,23,5,3,42,2,38,59,1,4,67,3,31,12,13,7,29,3,4,15,20,3,4,9,29,10,3,5,"TOEFL",3.5
"172","1202",22,2,20,9,4,76,73,36,2,2,3,89,11,34,4,4,1,29,2,14,17,3,7,10,7,24,3,1,"TOEFL",3
"175","1205",22,16,13,1,27,41,20,1,11,52,1,28,1,6,4,30,2,12,21,11,5,5,11,3,3,22,16,13,"TOEFL",3.5
"176","1206",4,20,2,2,12,4,38,1,30,15,1,9,39,2,23,24,1,17,7,20,3,6,7,15,11,2,3,4,"TOEFL",3.5
"177","1207",10,1,10,5,2,30,38,17,1,5,29,2,29,2,5,2,10,2,1,8,3,3,11,4,2,1,10,1,"TOEFL",3.5
"180","1210",14,26,13,1,17,62,49,3,7,72,1,57,1,15,25,21,19,5,1,23,26,13,8,5,21,9,2,6,"TOEFL",4.5
"181","1211",22,16,14,3,24,42,22,1,10,76,7,14,10,5,27,1,9,19,2,2,8,7,16,8,3,2,22,16,"TOEFL",3.5
"184","1216",18,14,2,2,8,1,28,2,51,34,1,5,48,39,2,2,8,2,8,1,2,6,7,11,3,2,4,18,"TOEFL",3
"190","1222",11,1,18,2,1,6,2,21,1,38,20,5,7,37,1,29,4,14,3,10,2,9,14,2,4,3,8,8,"TOEFL",3
"194","1226",18,1,14,8,5,25,1,36,17,1,2,37,5,16,29,12,15,3,2,20,14,18,2,2,11,2,1,18,"TOEFL",4.5
"204","1237",25,1,27,16,1,49,1,66,40,3,3,11,91,2,30,1,32,14,20,2,3,17,31,2,9,9,7,36,"TOEFL",5
"205","1238",17,7,8,11,16,11,2,1,20,6,8,14,8,17,1,1,8,9,5,7,4,4,1,1,17,7,8,11,"TOEFL",2
"206","1239",1,1,19,13,10,2,27,30,13,1,8,36,1,27,1,12,4,17,1,5,13,3,11,15,8,1,1,1,"TOEFL",5.3
"208","1241",24,4,21,13,1,41,1,46,33,1,15,49,3,33,1,7,22,13,17,1,1,5,21,1,11,4,22,8,"TOEFL",5.3
"209","1242",18,4,19,3,3,11,8,31,36,32,9,29,2,39,3,7,1,10,1,6,12,9,8,20,13,3,4,5,"TOEFL",5
"210","1243",1,1,26,2,24,1,12,3,31,1,39,28,1,5,41,4,2,46,2,2,16,8,17,1,23,25,5,3,"TOEFL",5.5
"211","1244",23,1,32,1,2,8,1,44,1,63,42,1,1,88,7,44,1,12,6,16,1,4,16,11,1,19,9,15,"TOEFL",5.5
"212","1245",22,1,31,15,1,48,1,65,40,3,3,11,90,2,32,1,32,15,20,1,3,17,29,2,9,9,8,37,"TOEFL",5.7
"216","1249",7,13,5,1,33,35,27,12,55,4,17,4,6,2,10,9,17,1,1,6,5,7,2,1,2,7,13,5,"TOEFL",3.5
"225","1260",19,13,12,1,42,41,29,1,8,68,17,3,2,10,1,7,16,1,6,9,3,10,1,1,19,13,12,1,"TOEFL",2.5
"231","1266",15,17,15,44,2,48,37,2,9,65,2,28,4,2,2,16,1,9,19,1,8,6,6,11,1,15,17,15,"TOEFL",2.5
"237","1272",1,1,41,3,49,3,3,35,8,123,4,114,103,15,3,32,156,20,58,1,1,43,29,53,4,1,3,33,"TOEFL",5
"238","1273",15,20,3,2,29,61,43,2,16,63,29,1,5,29,15,28,2,1,14,34,5,14,2,17,2,1,2,15,"TOEFL",3
"240","1275",2,2,14,3,16,6,4,33,37,23,1,2,8,54,12,8,5,9,2,16,1,6,16,2,4,2,3,17,"TOEFL",3
"245","1280",19,17,1,1,8,2,21,38,33,2,11,51,38,10,13,3,22,1,6,18,1,5,5,8,13,7,2,19,"TOEFL",2.5
"255","1293",24,14,13,1,35,1,1,46,33,5,58,5,21,4,7,5,16,8,16,1,6,11,4,1,24,14,13,1,"TOEFL",3.5
"265","1307",24,2,15,1,1,4,3,28,1,49,36,1,56,5,1,48,4,4,1,16,1,8,11,1,6,4,8,9,"TOEFL",3
"266","1308",25,15,1,3,2,37,1,38,32,4,60,2,1,21,1,11,3,19,14,12,5,2,8,12,18,3,3,7,"TOEFL",3
"269","1311",17,19,15,1,47,1,44,27,2,2,6,67,3,24,1,26,11,16,1,1,2,23,27,21,16,6,8,7,"TOEFL",6
"270","1312",5,5,44,2,57,44,5,111,1,118,65,4,4,22,180,7,53,3,86,32,58,7,4,61,96,54,37,11,"TOEFL",5.4
"275","1318",1,1,19,15,7,1,57,54,26,3,1,5,77,5,17,1,1,13,4,9,10,1,9,8,1,1,19,15,"TOEFL",3.5
"277","1320",8,10,4,13,18,5,8,21,8,2,12,4,15,1,8,20,2,10,4,8,10,4,13,18,5,8,21,8,"TOEFL",2.5
"279","1322",20,16,1,1,18,15,1,31,16,2,2,3,48,1,28,1,8,8,20,4,5,12,1,2,7,16,4,2,"TOEFL",3.5
"304","1348",3,3,39,22,10,7,44,2,52,63,1,11,84,16,2,26,11,2,26,2,17,28,3,6,9,16,15,7,"TOEFL",4
"310","1354",18,22,7,3,21,67,39,3,1,15,62,7,28,4,32,15,25,1,1,1,7,27,7,13,7,15,3,3,"TOEFL",4.5
"312","1356",2,2,43,1,39,37,4,83,1,89,51,3,3,14,137,3,44,4,6,62,29,42,4,5,46,61,45,29,"TOEFL",0
"313","1357",24,24,16,32,5,41,28,3,8,59,1,9,1,30,8,33,5,17,24,17,13,4,9,15,1,1,9,24,"TOEFL",4
"314","1358",14,15,4,44,26,18,1,1,10,49,1,16,2,6,7,11,22,1,3,5,5,7,4,1,14,15,4,44,"TOEFL",2.5
"317","1361",19,19,15,2,29,30,30,7,34,3,29,2,21,11,16,1,1,14,18,13,8,2,5,5,2,19,19,15,"TOEFL",4.5
"340","1580",23,19,8,16,1,1,44,12,4,1,10,53,2,37,17,14,10,4,1,5,20,3,3,21,7,3,1,6,"TOEFL",3
"342","1583",1,1,24,19,10,1,39,52,54,1,9,47,16,2,40,7,2,33,6,15,4,6,9,9,12,3,1,1,"TOEFL",3.5
"344","1590",1,1,27,20,13,3,34,1,44,44,12,68,20,16,2,18,7,33,2,18,35,5,8,7,9,11,2,2,"TOEFL",3.5
"345","1591",25,15,19,1,33,1,43,32,2,6,65,6,34,12,1,28,1,1,14,24,3,7,4,14,7,3,2,3,"TOEFL",3
"346","1592",15,14,6,1,14,30,29,11,31,2,36,1,5,11,11,1,4,17,2,3,1,8,1,1,15,14,6,1,"TOEFL",2.5
"352","1598",1,1,22,16,15,2,33,37,18,1,8,44,1,36,1,2,12,5,19,1,6,13,5,11,21,8,1,1,"TOEFL",5.2
"353","1599",26,1,22,14,1,43,1,47,39,1,15,51,3,36,1,8,20,15,14,1,2,6,23,1,11,5,21,7,"TOEFL",5.5
"356","1602",14,14,14,17,2,41,39,1,7,19,58,3,11,1,24,3,1,3,14,4,10,5,14,4,4,3,2,14,"TOEFL",4
"360","1606",22,1,19,1,1,14,1,35,1,57,30,1,10,71,15,41,1,7,6,3,31,1,8,20,8,4,12,12,"TOEFL",3.8
"363","1609",18,19,1,11,36,3,36,32,12,45,2,22,1,3,23,4,21,2,4,1,4,14,4,6,2,13,10,2,"TOEFL",4.5
"365","1610",13,14,6,1,38,1,24,29,3,5,45,15,1,5,6,8,2,7,10,3,2,5,8,3,13,14,6,1,"TOEFL",3
"367","1614",1,1,12,1,12,6,1,30,1,41,24,1,1,8,58,14,6,7,6,1,12,1,4,10,3,3,18,2,"TOEFL",3.5
"386","1633",12,2,13,13,3,28,34,30,1,7,36,1,24,1,8,3,15,4,2,11,1,3,3,14,4,2,2,1,"TOEFL",4
"396","1645",15,14,5,20,30,23,1,6,48,2,1,29,1,9,6,15,2,3,7,10,2,1,14,5,1,1,2,15,"TOEFL",3
"397","1646",2,2,23,23,13,12,44,4,1,62,35,1,19,83,12,3,26,4,9,5,24,4,11,24,2,6,10,4,"TOEFL",3
"402","1651",3,3,11,13,1,1,9,2,12,28,17,1,1,2,28,14,7,13,1,13,4,4,3,2,6,7,6,9,"TOEFL",2.5
"412","1663",34,1,22,14,31,4,2,60,44,2,1,11,76,1,40,2,10,26,3,7,16,9,5,5,16,6,3,3,"TOEFL",3.5
"442","1696",13,16,11,17,3,33,23,1,13,30,40,12,4,15,1,12,30,1,3,7,12,6,1,5,5,13,16,11,"TOEFL",3.5
"450","1704",18,22,12,1,24,32,44,1,14,51,1,45,1,34,12,34,1,26,45,8,1,5,24,5,1,3,18,22,"TOEFL",4.5
"453","1707",25,22,1,1,15,34,1,44,39,8,60,2,24,1,7,18,8,33,1,4,4,8,20,3,8,9,15,16,"TOEFL",4
"458","1712",18,21,9,2,25,35,21,3,3,51,14,11,14,1,17,5,9,9,1,8,7,12,11,1,18,21,9,2,"TOEFL",4
"463","1717",21,17,8,27,2,1,49,21,4,1,9,64,2,28,3,16,20,1,11,15,2,3,5,20,8,1,3,4,"TOEFL",3
"468","1722",27,2,41,25,8,49,1,73,38,3,1,20,66,56,7,29,2,51,12,33,2,1,29,1,52,8,10,12,"TOEFL",4
"478","1732",17,1,16,7,28,1,1,34,31,1,1,3,47,1,26,1,9,4,16,1,6,8,1,3,3,8,17,2,"TOEFL",4
"479","1733",28,2,26,21,1,34,3,35,51,11,1,11,44,4,48,19,1,13,7,1,1,18,25,6,10,19,5,1,"TOEFL",4
"486","1740",12,19,15,1,22,1,25,21,1,5,45,2,1,14,1,20,3,17,2,10,24,3,3,16,8,1,1,3,"TOEFL",5
"497","1751",11,19,2,3,30,2,36,32,1,10,51,6,16,3,2,1,8,1,1,4,12,3,2,2,16,1,1,11,"TOEFL",4.5
"501","1755",12,1,11,4,1,33,39,20,1,10,40,2,20,1,9,2,11,1,5,14,10,9,1,16,1,1,1,12,"TOEFL",4
"505","1759",15,16,11,27,28,24,7,4,40,43,2,3,4,19,5,9,14,5,15,11,9,4,3,1,2,15,16,11,"TOEFL",4
"530","1785",9,17,14,21,36,39,2,10,44,1,35,2,5,6,6,1,6,16,4,4,8,8,1,9,17,14,21,36,"TOEFL",4.5
"539","1796",2,2,12,11,3,2,26,36,22,3,3,45,5,9,8,3,9,2,1,7,10,8,2,1,12,2,2,2,"TOEFL",4
"540","1797",9,15,6,1,23,26,18,11,28,6,18,24,5,21,2,14,25,2,11,11,15,12,7,1,9,15,6,1,"TOEFL",4
"562","1823",13,18,7,18,41,26,2,13,51,1,1,44,6,15,24,21,5,10,28,9,2,1,12,6,3,2,13,18,"TOEFL",5
"565","1826",13,21,1,1,9,59,46,14,7,61,4,31,1,10,2,9,9,16,4,1,6,15,11,2,2,1,13,21,"TOEFL",1.5
"566","1827",1,1,15,19,8,1,15,35,26,4,3,8,55,2,9,2,34,9,19,12,21,14,4,2,15,8,2,9,"TOEFL",3.5
"569","1830",10,15,8,1,36,2,38,12,3,14,49,11,36,21,2,1,17,32,4,9,4,21,8,3,2,1,10,15,"TOEFL",4
"572","1834",1,1,16,1,13,4,1,44,41,22,8,65,6,12,6,5,12,11,18,4,4,1,16,2,1,1,16,1,"TOEFL",2
"580","1843",19,5,14,11,3,21,2,29,20,5,1,6,29,1,28,17,6,17,3,19,22,1,10,1,17,5,2,1,"TOEFL",4
"595","1860",24,26,16,3,37,4,46,40,2,9,51,1,18,1,16,1,32,6,6,18,13,5,14,8,19,3,3,24,"TOEFL",4
"599","1867",7,14,8,18,1,33,17,5,3,28,1,2,25,11,1,13,1,7,8,9,7,8,5,7,14,8,18,1,"TOEFL",2.5
"617","1930",16,20,8,34,27,21,9,6,65,4,17,12,19,5,22,23,7,5,12,10,11,2,4,16,20,8,34,27,"TOEFL",4.5
"619","1932",8,18,17,1,31,1,34,34,2,5,41,33,28,3,22,2,17,32,9,9,34,14,17,1,8,18,17,1,"TOEFL",4.5
"622","1935",22,19,10,8,21,2,49,17,2,1,15,28,1,54,33,16,19,3,8,23,2,1,3,25,5,2,5,22,"TOEFL",4
"623","1936",13,19,11,1,31,50,30,2,6,51,44,1,14,16,16,3,15,24,11,11,19,8,1,13,19,11,1,31,"TOEFL",4.5
"627","1940",17,29,1,1,22,29,3,32,18,9,33,1,2,60,11,14,4,22,2,1,11,20,2,7,9,18,8,1,"TOEFL",4
"628","1941",12,19,1,2,1,15,1,29,17,12,28,27,3,18,21,11,2,10,24,3,1,19,3,4,2,1,12,19,"TOEFL",2.5
"638","1950",32,1,32,23,4,46,1,2,60,59,1,2,83,45,7,19,20,29,1,19,18,6,4,17,13,29,3,1,"TOEFL",1.5
"639","1951",27,23,13,8,61,3,53,32,3,15,87,2,30,7,20,1,2,15,25,3,3,3,7,14,1,1,27,23,"TOEFL",3.5
"640","1952",30,2,19,10,6,53,1,67,57,2,9,6,79,25,3,11,5,23,1,11,18,3,4,9,9,22,2,1,"TOEFL",1.5
"641","1953",22,17,8,2,39,2,54,34,3,9,77,13,1,1,7,24,2,8,15,2,13,8,3,20,4,22,17,8,"TOEFL",2
"642","1954",40,1,33,18,2,52,4,1,70,59,8,12,101,1,29,43,16,51,2,2,19,34,6,14,8,12,22,2,"TOEFL",1.5
"643","1955",25,26,16,50,10,52,32,4,32,70,2,39,1,10,15,32,3,13,42,16,6,8,9,1,2,25,26,16,"TOEFL",2.5
"644","1956",29,23,1,10,2,62,2,69,40,4,27,115,23,1,3,2,30,1,12,37,16,4,6,11,5,1,29,23,"TOEFL",2.5
"645","1957",29,18,22,1,34,1,58,33,8,69,1,27,14,16,16,13,26,2,11,1,14,10,2,2,1,29,18,22,"TOEFL",2
"653","1964",12,13,8,5,19,1,31,15,17,28,1,31,3,18,3,29,1,14,37,6,3,12,9,4,2,1,12,13,"TOEFL",4.5
"659","1970",10,19,14,35,3,42,30,1,12,64,2,1,38,3,15,6,25,1,15,29,1,7,9,28,18,8,13,2,"TOEFL",4.5
"672","1986",11,16,5,20,33,23,11,35,35,2,6,1,15,2,9,19,6,11,10,4,1,1,11,16,5,20,33,23,"TOEFL",4
"679","1992",1,1,18,22,1,1,15,15,25,17,4,28,1,15,1,38,2,29,4,1,2,17,1,4,8,26,2,2,"TOEFL",3.7
"688","2002",17,20,2,2,19,4,29,1,51,29,1,2,78,14,7,4,20,4,3,1,1,15,18,15,2,17,20,2,"TOEFL",4.5
"694","2008",12,21,10,32,2,49,23,6,1,10,41,1,2,43,14,1,19,1,6,18,10,9,12,9,9,1,1,1,"TOEFL",3
"698","2012",1,1,20,1,21,1,1,9,1,35,30,33,1,3,53,2,21,2,5,6,21,2,10,14,9,3,9,24,"TOEFL",4
"702","2016",23,18,14,2,29,54,28,2,7,75,30,22,7,22,2,1,14,25,8,14,4,15,11,1,4,23,18,14,"TOEFL",4
"703","2017",19,18,13,6,31,52,21,2,6,50,32,1,23,6,14,1,9,16,3,16,2,22,6,3,6,19,18,13,"TOEFL",4
"706","2020",33,18,8,4,30,1,33,30,3,6,5,48,1,30,2,8,6,30,1,1,1,15,20,1,7,5,10,16,"TOEFL",3.8
"724","2038",16,3,19,8,1,19,1,1,42,23,13,50,1,27,3,9,3,12,2,15,32,3,1,10,4,2,2,16,"TOEFL",2.5
"736","2050",14,19,14,1,17,21,32,7,7,24,28,1,13,2,21,2,7,17,3,1,14,4,2,2,14,19,14,1,"TOEFL",4
"741","2055",17,14,10,1,13,40,34,7,46,32,1,22,4,14,14,21,6,14,5,17,4,1,10,2,17,14,10,1,"TOEFL",3.5
"743","2057",12,18,1,28,1,25,28,2,1,8,43,1,38,1,1,12,3,17,2,1,32,39,11,3,23,10,2,10,"TOEFL",4
"756","220",12,15,10,4,23,41,14,1,10,56,2,14,17,14,14,1,1,4,9,5,5,15,10,9,1,2,1,12,"TOEFL",3
"759","2254",19,19,20,3,44,56,24,2,8,70,3,37,12,7,11,2,1,11,18,6,11,11,18,3,1,4,19,19,"TOEFL",4.5
"766","2261",16,2,31,16,2,61,1,80,62,1,7,79,3,33,2,1,25,4,29,5,1,2,18,20,6,15,16,15,"TOEFL",3.5
"778","2278",1,1,13,13,8,4,24,55,17,1,1,1,69,1,32,3,2,4,1,8,6,1,4,7,12,10,3,1,"TOEFL",3
"782","2281",10,1,18,11,1,35,1,34,18,6,10,55,11,28,8,7,3,19,3,1,12,25,8,4,8,16,1,6,"TOEFL",4
"789","2289",16,13,7,2,26,1,25,27,1,8,29,17,10,3,14,1,9,20,6,5,5,9,4,16,13,7,2,26,"TOEFL",3.5
"790","2290",24,30,2,2,20,2,25,52,45,2,11,50,13,29,1,47,15,45,4,9,36,6,7,7,28,8,2,1,"TOEFL",4.8
"800","2300",17,1,16,2,2,9,3,34,1,77,28,4,1,2,73,1,43,9,12,7,13,2,13,14,2,7,5,19,"TOEFL",4.4
"806","2306",10,20,11,1,23,36,21,4,5,52,2,28,1,14,4,16,3,11,20,3,3,14,4,13,1,1,1,10,"TOEFL",2.8
"822","2321",14,12,9,6,29,1,37,7,6,43,9,33,2,3,1,19,2,3,10,10,9,8,7,5,4,14,12,9,"TOEFL",4.5
"845","2348",20,1,16,17,11,34,58,24,11,8,76,1,31,1,10,10,14,9,1,9,15,7,5,10,13,8,2,2,"TOEFL",4.8
"846","2349",18,15,9,30,36,20,7,5,60,2,19,1,13,4,18,5,2,14,20,4,4,6,8,7,18,15,9,30,"TOEFL",4.2
"860","248",18,25,11,4,27,53,23,16,72,3,20,20,21,20,1,1,3,8,22,6,5,12,6,15,1,2,1,18,"TOEFL",4
"861","249",11,19,12,21,32,22,3,1,9,37,27,3,13,1,14,3,7,17,1,5,3,15,4,1,11,19,12,21,"TOEFL",3.5
"862","250",13,24,13,31,45,34,6,11,52,36,4,19,8,16,3,7,20,11,9,3,12,4,1,13,24,13,31,45,"TOEFL",5
"863","252",17,21,1,10,14,50,33,5,10,52,30,3,18,2,19,2,1,5,13,11,3,7,7,11,3,3,17,21,"TOEFL",3.5
"864","253",21,34,12,59,26,54,43,4,8,92,38,4,23,2,25,2,2,1,16,21,15,6,8,14,16,5,4,21,"TOEFL",4.5
"871","2559",24,21,31,2,38,67,68,1,11,104,4,25,6,21,8,41,1,1,15,28,1,15,17,11,23,11,1,2,"TOEFL",4.7
"872","256",14,16,11,22,1,42,37,6,42,2,39,5,8,20,1,19,20,1,12,1,8,9,1,1,14,16,11,22,"TOEFL",4
"875","259",19,28,1,12,28,56,43,4,12,58,1,38,5,26,4,24,2,2,12,23,14,4,5,10,14,5,4,19,"TOEFL",5
"877","2597",34,2,32,10,3,64,4,62,49,1,11,83,28,36,3,9,1,38,1,11,25,12,9,6,11,17,3,2,"TOEFL",2.2
"880","260",17,18,13,30,1,42,41,10,48,2,40,7,9,20,1,20,28,2,10,1,8,10,2,1,17,18,13,30,"TOEFL",5
"883","2603",24,1,19,10,45,52,45,1,2,93,4,39,4,5,20,3,3,13,15,2,12,7,9,20,3,24,1,19,"TOEFL",4.8
"884","2604",21,21,10,2,28,47,24,5,1,6,44,1,21,25,4,29,1,2,22,30,13,6,5,13,4,1,5,2,"TOEFL",4
"890","2610",12,1,17,8,4,29,33,17,8,1,8,55,5,15,14,3,13,3,21,26,2,3,1,6,11,1,12,1,"TOEFL",4
"894","2614",31,19,26,38,66,53,1,4,89,6,27,10,8,32,1,13,14,2,8,16,11,17,8,1,31,19,26,38,"TOEFL",5
"896","2616",14,1,12,4,3,36,25,21,2,3,66,11,10,6,14,1,12,14,3,8,3,4,10,3,14,1,12,4,"TOEFL",3
"897","2617",27,25,16,2,40,2,40,46,2,15,53,3,23,31,6,28,4,21,38,14,2,9,11,1,27,25,16,2,"TOEFL",4.5
"899","2619",1,1,54,2,53,53,3,104,3,1,131,85,9,2,21,203,46,45,2,61,24,44,3,2,2,1,32,1,"TOEFL",6
"900","262",10,23,12,13,39,36,1,3,9,40,1,40,1,12,9,16,1,11,21,1,2,6,27,1,5,10,23,12,"TOEFL",3.5
"903","2622",15,16,10,4,36,1,44,32,8,63,6,25,3,8,2,19,4,1,16,17,2,1,7,7,19,2,1,15,"TOEFL",4.3
"908","2628",13,27,11,4,35,3,38,20,5,1,7,35,50,3,22,4,20,29,36,8,6,19,17,4,1,1,13,27,"TOEFL",3.8
"917","2636",18,20,12,1,26,1,45,34,4,1,18,55,3,42,2,20,14,13,5,16,35,2,17,2,6,6,1,4,"TOEFL",4.5
"922","2641",14,22,7,22,2,1,26,30,2,7,41,2,13,3,19,10,21,2,3,14,21,1,5,18,5,1,1,2,"TOEFL",2.5
"923","2642",12,33,18,3,23,2,37,54,7,1,5,68,2,38,4,7,1,12,1,3,4,9,8,7,4,12,22,3,"TOEFL",4.2
"925","2644",1,1,16,17,1,1,20,1,27,1,55,46,5,48,1,61,3,14,2,18,3,12,14,5,7,8,19,11,"TOEFL",4.2
"931","2650",16,16,9,15,48,16,2,9,51,28,4,20,19,8,8,17,2,16,3,13,9,3,3,16,16,9,15,48,"TOEFL",3
"932","2652",11,2,13,6,43,34,12,10,1,10,57,4,18,5,7,3,15,11,16,2,4,3,9,12,2,2,11,2,"TOEFL",3.5
"937","2657",17,19,7,3,25,39,33,1,1,11,43,52,7,2,25,2,10,19,1,13,6,17,5,2,17,19,7,3,"TOEFL",4.3
"938","2658",23,20,15,2,32,1,3,56,41,7,1,12,60,2,25,10,2,20,3,11,21,9,4,7,16,7,2,6,"TOEFL",3.6
"942","2661",10,13,10,10,20,19,4,28,1,16,11,8,13,2,1,9,15,2,8,2,12,3,1,1,2,10,13,10,"TOEFL",3
"954","2675",27,23,1,1,34,2,48,66,49,1,3,104,9,48,6,7,6,33,16,19,8,11,16,9,18,6,2,1,"TOEFL",4.7
"959","2680",20,1,17,9,4,43,1,48,26,2,1,8,67,14,20,1,17,4,17,1,1,13,20,7,6,3,9,3,"TOEFL",3
"965","2686",20,1,30,22,1,29,8,1,41,26,3,25,44,2,42,2,28,11,30,1,2,3,12,40,2,18,6,20,"TOEFL",3.7
"967","269",12,22,14,17,42,38,1,3,13,39,1,48,1,2,12,12,17,1,13,27,2,7,25,1,1,5,12,22,"TOEFL",3
"972","2694",18,30,1,1,13,2,28,6,50,31,1,14,44,51,1,28,6,32,3,2,7,23,1,11,11,23,13,5,"TOEFL",4.4
"973","2695",2,2,13,2,15,7,5,49,55,14,1,2,8,93,8,8,6,5,24,10,22,6,4,11,2,24,2,2,"TOEFL",3.2
"974","2696",20,17,8,3,40,1,50,26,2,12,80,3,24,9,8,13,1,7,23,3,4,4,9,4,2,1,3,20,"TOEFL",2.8
"977","2705",21,23,11,10,34,2,50,30,3,2,10,47,40,26,7,19,1,1,20,31,11,5,8,22,2,1,1,3,"TOEFL",4.5
"981","2709",21,31,13,5,61,3,76,42,6,12,106,20,36,1,4,2,29,3,1,9,23,3,3,5,8,18,2,1,"TOEFL",2.5
"987","2715",24,18,10,3,23,53,67,4,8,99,3,29,5,15,7,18,1,1,17,23,5,11,10,12,14,4,2,1,"TOEFL",4.7
"994","2722",6,18,9,2,30,31,22,3,3,29,37,3,8,3,5,7,1,7,9,6,2,17,14,1,4,1,6,18,"TOEFL",3
"996","2724",13,16,3,11,1,18,26,3,19,2,16,3,21,1,18,8,11,13,2,1,9,2,1,2,1,13,16,3,"TOEFL",3.5
"1003","2731",21,18,27,1,35,3,50,43,7,63,5,45,6,15,6,25,5,14,5,8,7,13,12,5,2,6,21,18,"TOEFL",4
"1009","2738",23,19,5,21,3,26,20,3,56,6,12,16,9,12,1,11,18,6,15,6,1,7,23,19,5,21,3,26,"TOEFL",3.5
"1011","274",22,26,15,21,1,66,55,1,3,16,62,5,57,1,18,14,23,1,10,28,4,4,5,22,4,1,5,22,"TOEFL",4.5
"1012","2740",18,22,15,1,26,2,42,26,2,8,61,2,20,3,1,33,12,25,1,2,21,33,10,12,5,15,11,3,"TOEFL",3
"1015","2743",13,17,8,1,49,1,39,43,1,13,51,23,24,6,18,1,24,36,2,7,3,12,9,1,6,13,17,8,"TOEFL",4.2
"1016","2744",19,23,8,2,39,65,47,6,3,9,85,10,35,19,15,20,1,18,24,9,10,4,11,2,1,2,3,19,"TOEFL",4
"1019","2747",17,17,15,3,29,1,50,32,2,4,6,44,47,5,8,11,13,1,4,1,11,18,7,1,17,9,2,17,"TOEFL",3.2
"1020","2749",19,2,32,1,1,21,5,18,8,2,39,36,5,33,59,1,45,1,26,4,26,4,1,1,10,43,3,9,"TOEFL",4
"1021","2750",15,1,37,14,4,23,7,41,37,5,3,8,49,60,3,20,3,34,2,15,26,3,6,8,27,19,1,4,"TOEFL",4
"1025","2755",9,16,8,29,3,46,25,1,11,68,3,26,10,3,3,29,6,19,2,6,3,8,12,6,1,9,16,8,"TOEFL",3.5
"1030","2760",11,16,9,1,20,35,19,3,43,14,1,25,12,5,18,17,1,8,13,9,11,5,9,1,1,1,11,16,"TOEFL",3.2
"1033","2763",20,21,12,4,41,74,60,14,88,2,46,9,17,4,19,1,3,13,24,16,4,13,11,8,3,3,20,21,"TOEFL",4.2
"1034","2764",11,20,2,2,17,1,57,3,66,42,2,3,96,10,20,7,15,10,25,1,10,9,1,8,7,10,27,6,"TOEFL",4.2
"1036","2766",22,13,10,1,35,40,36,1,7,79,15,2,4,3,17,1,3,18,21,1,7,1,7,7,1,1,22,13,"TOEFL",4
"1037","2767",22,23,24,4,17,43,37,3,4,64,1,32,1,12,23,21,2,2,15,12,2,12,6,14,13,1,1,22,"TOEFL",3
"1038","2770",4,14,14,22,32,18,2,5,41,1,28,1,12,1,16,1,1,9,15,1,5,4,16,8,1,5,1,4,"TOEFL",4.3
"1039","2771",21,22,1,1,24,72,68,52,4,2,74,17,55,4,12,7,33,1,27,16,3,3,6,20,17,6,1,1,"TOEFL",3.6
"1040","2772",13,1,16,8,3,29,40,19,2,52,7,19,4,4,4,11,2,7,9,1,4,9,11,5,1,13,1,16,"TOEFL",4
"1042","279",16,17,14,3,11,59,23,3,2,48,2,38,8,11,6,12,6,6,1,24,4,18,4,16,17,14,3,11,"TOEFL",4
"1044","281",17,17,14,3,12,54,22,3,2,45,2,36,1,8,1,10,6,11,7,6,3,15,6,16,6,1,17,17,"TOEFL",4.5
"1057","3002",1,1,17,13,8,20,43,25,1,3,55,3,30,4,8,8,13,7,12,5,1,12,10,1,1,3,1,1,"TOEFL",3.5
"1058","3003",14,19,7,1,18,2,39,33,2,9,58,12,27,9,8,25,1,1,6,14,1,2,7,8,17,4,14,19,"TOEFL",4
"1060","3005",15,17,1,1,5,1,11,26,22,9,35,1,35,1,4,6,13,2,11,18,2,2,6,9,10,2,4,15,"TOEFL",4.5
"1062","3007",19,17,6,3,30,2,36,27,2,5,54,5,11,21,2,22,1,1,11,13,8,13,7,6,12,1,2,2,"TOEFL",4
"1063","3008",17,2,21,10,3,31,1,44,40,2,8,58,4,30,1,25,5,22,1,19,29,11,9,6,22,5,4,2,"TOEFL",4.2
"1064","3009",6,1,14,1,1,10,4,30,42,35,5,38,28,12,4,13,2,1,9,10,1,5,3,13,7,1,1,1,"TOEFL",4
"1069","3014",19,15,8,1,31,1,28,28,7,47,18,6,12,2,13,1,8,11,3,6,2,5,14,1,19,15,8,1,"TOEFL",3.3
"1070","3015",11,13,8,7,29,31,12,1,8,40,2,19,1,14,3,17,1,11,20,12,1,5,20,3,11,13,8,7,"TOEFL",3.2
"1073","3019",9,14,3,3,10,3,28,1,37,16,4,6,45,3,27,2,1,3,8,6,6,12,6,3,5,14,4,3,"TOEFL",4
"1077","3023",9,13,3,25,21,20,1,5,44,1,5,1,3,9,13,1,8,14,2,1,1,11,1,9,13,3,25,21,"TOEFL",3
"1078","3024",21,23,15,2,67,90,73,9,101,1,51,4,2,29,19,19,1,5,22,9,17,3,5,1,21,23,15,2,"TOEFL",4.8
"1079","3025",15,15,11,2,22,38,25,2,2,3,59,27,6,9,12,7,3,14,17,3,5,3,12,6,2,15,15,11,"TOEFL",3.2
"1081","3027",13,1,13,6,17,1,30,18,4,3,26,2,19,1,15,3,16,5,1,8,13,4,3,3,15,2,3,13,"TOEFL",4.5
"1086","3032",19,28,9,23,31,25,5,1,6,45,1,29,4,32,11,20,1,8,14,9,2,4,14,9,1,6,19,28,"TOEFL",3
"1089","3035",17,16,9,2,21,43,33,1,9,37,3,32,28,8,15,1,19,24,2,7,5,26,4,2,16,3,17,16,"TOEFL",3.8
"1102","3049",18,17,1,1,8,1,19,31,21,2,9,43,24,3,10,6,8,1,1,1,6,12,5,8,9,2,18,17,"TOEFL",3
"1106","3052",22,19,3,3,29,1,43,2,66,49,1,2,3,76,1,38,1,15,4,29,1,3,2,17,21,3,12,14,"TOEFL",4
"1110","3058",14,16,5,2,19,2,32,32,1,2,42,1,23,1,4,2,14,4,5,7,4,1,10,16,2,14,16,5,"TOEFL",4.3
"1111","3059",31,24,21,1,25,65,67,3,2,94,5,61,5,16,22,21,3,2,13,18,5,13,4,24,15,3,2,2,"TOEFL",4.5
"1112","3060",19,23,20,1,40,3,51,40,1,13,70,1,53,5,12,22,2,18,25,4,4,14,12,1,19,23,20,1,"TOEFL",3.8
"1113","3061",21,18,23,53,70,54,2,11,91,3,41,3,12,8,36,2,20,28,9,15,8,14,3,2,1,21,18,23,"TOEFL",4
"1114","3062",26,22,1,1,19,1,26,2,1,40,49,1,1,7,48,3,32,21,24,2,8,11,5,8,8,15,15,4,"TOEFL",4
"1120","3068",11,1,17,7,7,4,27,43,21,4,49,3,24,4,11,2,14,11,8,8,6,9,5,15,2,2,11,1,"TOEFL",3.8
"1121","3069",26,16,12,2,50,2,52,38,1,6,78,23,3,6,19,1,3,1,13,14,2,9,2,12,6,1,2,26,"TOEFL",4.5
"1124","3072",16,21,10,3,28,1,33,26,3,1,8,47,36,6,15,10,1,6,13,3,4,6,15,9,1,16,21,10,"TOEFL",4
"1127","3075",13,16,5,31,2,25,16,1,12,38,30,17,10,3,19,5,18,6,5,3,5,11,3,2,13,16,5,31,"TOEFL",4
"1129","3077",3,3,22,3,21,2,2,16,4,66,3,69,63,2,3,18,87,8,42,3,4,1,32,5,1,12,25,1,"TOEFL",4.5
"1132","3080",17,19,4,3,24,40,29,13,40,27,2,18,8,10,6,1,3,17,3,7,1,10,7,1,1,1,17,19,"TOEFL",3.8
"1134","3082",19,23,4,2,13,5,46,2,33,36,2,13,53,1,27,12,6,19,1,1,15,27,1,4,3,10,11,6,"TOEFL",3.7
"1135","3083",32,23,4,4,23,1,76,74,54,1,10,4,69,16,78,8,18,1,41,1,29,15,1,5,16,29,16,10,"TOEFL",4.5
"1136","3084",27,1,28,3,2,3,1,50,2,68,48,3,1,12,117,16,22,5,11,5,37,3,2,3,17,1,27,3,"TOEFL",3.2
"1137","3086",11,16,7,23,34,23,2,6,39,12,22,3,9,2,15,1,7,14,1,3,2,7,14,1,1,11,16,7,"TOEFL",3.8
"1139","3088",21,14,14,2,36,34,41,2,1,8,42,1,20,8,3,8,9,19,1,6,9,6,2,21,14,14,2,36,"TOEFL",4
"1140","3089",14,16,17,1,34,1,36,24,1,9,51,29,1,1,27,7,24,21,28,9,2,5,17,9,6,2,3,14,"TOEFL",2.8
"1141","309",11,17,8,21,26,31,1,3,26,15,1,12,12,2,12,1,1,4,6,2,2,1,4,15,11,17,8,21,"TOEFL",4.5
"1142","3090",17,17,1,1,14,2,50,1,39,19,3,3,72,30,8,4,6,16,1,1,8,7,3,6,8,2,21,5,"TOEFL",4.5
"1144","3092",10,15,9,26,34,34,1,4,42,1,28,6,8,5,11,7,14,2,3,9,8,1,2,1,10,15,9,26,"TOEFL",3.5
"1147","3095",17,19,22,8,39,55,30,10,5,73,1,43,1,4,3,22,7,1,10,12,2,8,5,21,4,2,2,2,"TOEFL",3.5
"1148","3096",1,1,17,16,16,1,25,50,35,8,49,3,34,2,18,7,12,1,9,16,5,4,1,12,11,4,1,2,"TOEFL",3.7
"1149","3097",17,18,9,1,28,1,52,35,2,2,6,63,1,45,10,17,15,13,3,2,21,24,8,7,5,13,8,1,"TOEFL",3.5
"1150","3098",18,20,5,2,22,1,55,44,9,39,9,36,1,36,12,15,17,19,17,4,3,12,2,2,5,3,18,20,"TOEFL",3.2
"1157","3105",22,18,1,18,72,79,68,3,2,67,6,43,1,20,11,21,2,1,13,15,2,7,7,9,14,3,22,18,"TOEFL",4.4
"1159","3107",17,15,10,1,14,43,49,6,23,3,46,1,22,10,10,2,11,15,7,5,3,23,1,2,14,1,17,15,"TOEFL",3.5
"1160","3109",17,19,10,3,28,2,40,33,7,4,44,1,15,19,2,22,5,6,10,2,11,3,14,11,2,1,17,19,"TOEFL",5
"1161","311",13,22,1,1,11,16,1,26,7,1,6,4,23,1,53,2,9,19,20,1,2,11,1,2,5,24,10,3,"TOEFL",4.5
"1164","3112",27,20,47,3,56,79,47,1,7,69,2,94,2,10,7,26,1,16,22,1,7,12,25,1,5,27,20,47,"TOEFL",4.9
"1169","3117",25,1,16,1,11,2,42,1,54,45,1,4,77,1,29,5,6,6,17,1,3,14,14,3,7,3,9,11,"TOEFL",5
"1179","3126",11,15,3,1,29,1,41,38,4,10,47,19,2,7,8,12,2,1,5,15,1,4,5,4,7,1,1,11,"TOEFL",4
"1180","3128",12,13,7,1,18,3,31,32,2,2,3,38,4,1,17,3,7,3,16,6,9,5,1,8,17,5,4,1,"TOEFL",3.7
"1181","3129",19,14,5,4,27,1,41,20,1,1,6,48,22,1,21,11,9,1,1,19,28,1,10,1,13,2,2,1,"TOEFL",3.6
"1182","313",19,18,13,28,46,11,1,2,16,60,1,11,43,6,16,5,6,27,2,6,30,7,1,1,8,19,18,13,"TOEFL",4.5
"1183","3130",15,17,10,6,21,22,16,3,9,36,1,34,5,13,2,14,25,4,6,3,9,2,4,1,15,17,10,6,"TOEFL",3.2
"1188","3136",20,16,10,3,22,1,40,22,2,1,7,55,24,1,21,11,10,1,16,26,8,2,8,9,2,20,16,10,"TOEFL",3.8
"1194","3142",12,14,6,3,16,1,29,21,2,5,38,1,15,5,15,11,9,1,5,7,3,9,1,12,14,6,3,16,"TOEFL",2.5
"1203","3150",7,14,4,4,7,22,3,33,29,2,12,41,2,29,1,16,5,19,1,2,2,7,20,3,5,13,3,2,"TOEFL",3
"1204","3151",10,14,12,2,24,35,23,3,1,2,39,24,1,20,2,26,2,9,13,2,2,11,21,19,2,8,2,10,"TOEFL",3.5
"1205","3152",13,13,6,1,19,2,26,25,1,5,46,9,17,7,18,3,14,18,4,8,4,10,6,1,3,13,13,6,"TOEFL",4
"1208","3159",14,18,1,6,1,43,2,46,24,2,8,99,12,8,5,2,23,1,13,21,4,5,7,4,19,14,18,1,"TOEFL",4.5
"1210","3161",8,14,7,2,14,28,17,2,45,16,6,1,12,2,12,10,4,5,6,7,12,2,8,14,7,2,14,28,"TOEFL",3.8
"1216","317",12,21,1,1,11,1,26,1,36,29,2,5,33,1,29,1,18,5,17,1,8,14,15,1,5,7,5,1,"TOEFL",4.5
"1222","3175",21,17,14,20,28,27,1,9,46,2,28,3,11,1,18,3,14,23,2,2,14,2,5,1,21,17,14,20,"TOEFL",3.2
"1232","3184",9,1,10,3,20,33,26,4,44,2,16,7,3,8,1,8,13,3,2,7,9,1,2,1,9,1,10,3,"TOEFL",3.5
"1233","3185",13,17,5,3,28,36,33,3,1,14,59,1,12,27,13,15,3,2,14,21,1,9,11,13,9,1,1,5,"TOEFL",3
"1234","3186",13,11,7,1,21,34,21,3,3,7,34,17,8,1,19,4,8,16,1,6,12,6,4,1,13,11,7,1,"TOEFL",3.5
"1238","3190",9,18,11,1,20,1,33,25,1,1,12,62,1,22,2,9,5,13,1,1,9,20,2,7,9,8,6,5,"TOEFL",3.8
"1243","3196",16,20,13,22,3,32,26,10,59,3,12,6,19,2,8,20,2,5,7,8,1,2,16,20,13,22,3,32,"TOEFL",2.2
"1253","3204",16,1,12,11,16,1,7,29,29,1,10,28,1,31,5,10,12,3,2,4,10,8,6,13,9,3,16,1,"TOEFL",2.5
"1254","3205",7,27,13,36,1,40,25,13,54,2,34,2,5,13,8,27,1,1,10,22,1,3,4,11,12,1,1,2,"TOEFL",2.2
"1255","3206",17,17,5,1,17,2,37,28,3,1,4,54,1,20,4,10,4,21,6,10,10,6,10,14,5,6,1,17,"TOEFL",4.2
"1256","3207",22,1,24,2,2,27,4,29,72,61,1,2,19,60,4,50,8,30,14,41,2,1,3,21,35,7,13,13,"TOEFL",3.8
"1258","321",1,1,30,3,37,5,5,23,1,32,1,61,21,3,9,9,62,2,72,5,29,31,33,11,32,5,6,8,"TOEFL",4.5
"1261","3214",14,1,18,1,2,9,1,36,1,1,45,26,6,3,8,54,1,33,1,17,4,20,3,1,13,21,1,2,"TOEFL",3.5
"1262","3215",14,20,19,3,28,49,26,6,2,65,33,1,19,11,18,1,9,16,2,7,4,13,16,2,14,20,19,3,"TOEFL",4
"1267","322",6,23,3,2,27,23,11,1,1,14,27,2,37,1,1,12,7,14,1,1,3,8,21,1,9,4,7,8,"TOEFL",3.5
"1269","3221",14,12,11,12,32,31,1,3,9,42,22,6,9,16,1,6,13,1,11,4,9,5,2,2,1,14,12,11,"TOEFL",3.5
"1270","3222",26,2,11,3,4,9,1,6,29,25,3,37,1,19,4,16,1,17,1,1,1,6,10,6,4,9,3,1,"TOEFL",2.2
"1273","3225",14,13,12,1,22,3,31,28,6,44,21,1,3,15,3,16,1,2,4,10,5,2,12,7,1,1,3,14,"TOEFL",3.2
"1274","3226",16,1,20,6,38,54,27,6,11,71,1,22,19,5,17,2,3,18,29,7,3,11,8,6,1,1,16,1,"TOEFL",3.5
"1275","3227",21,19,2,2,19,36,1,42,32,2,5,65,1,29,5,18,1,25,2,1,2,6,17,2,15,5,11,11,"TOEFL",4.8
"1282","3236",16,18,12,42,33,28,1,9,72,1,22,3,5,3,10,2,12,19,2,5,3,4,8,2,2,1,16,18,"TOEFL",3
"1283","3237",11,9,1,1,9,17,26,20,5,37,3,19,1,6,5,8,1,6,11,1,4,5,4,4,1,2,11,9,"TOEFL",2.7
"1285","3239",17,12,7,24,1,31,15,3,40,1,17,16,7,11,5,1,15,15,1,6,2,14,1,2,1,4,17,12,"TOEFL",2.9
"1286","324",2,2,12,1,12,10,13,23,15,3,7,16,39,2,15,10,21,3,3,13,5,22,4,1,5,4,2,2,"TOEFL",4
"1287","3242",12,15,7,46,1,38,15,2,1,7,59,4,26,2,1,13,2,9,1,16,3,6,8,12,2,2,2,12,"TOEFL",4.2
"1290","3245",9,14,5,1,14,26,22,2,4,43,12,4,8,2,11,9,13,2,4,8,13,1,2,2,9,14,5,1,"TOEFL",4.5
"1294","3249",15,12,14,17,1,34,20,12,55,1,28,1,11,8,14,8,18,1,5,4,6,5,6,4,15,12,14,17,"TOEFL",3.3
"1296","3251",14,15,1,12,20,40,27,1,1,4,50,2,44,13,5,18,3,12,18,6,11,3,21,4,3,3,3,14,"TOEFL",4
"1303","326",11,20,2,2,10,3,19,1,26,21,3,6,38,6,17,1,19,4,16,1,2,9,15,9,1,9,16,6,"TOEFL",4
"1304","3260",14,19,19,2,41,51,43,1,1,8,52,1,31,2,26,6,13,1,11,20,8,4,4,19,6,1,4,2,"TOEFL",3.5
"1308","3265",7,11,6,1,10,22,15,6,31,16,1,10,2,12,1,1,1,7,5,3,10,1,1,1,7,11,6,1,"TOEFL",2.5
"1309","3266",9,10,6,1,15,1,25,20,3,3,27,20,7,1,8,1,2,1,7,4,3,9,4,12,4,9,10,6,"TOEFL",2.5
"1311","3268",16,17,8,1,24,42,26,1,3,51,4,12,1,21,1,26,1,6,10,7,4,6,10,14,1,2,16,17,"TOEFL",3
"1312","3269",17,17,17,1,18,1,42,15,2,1,16,47,1,46,1,13,10,24,1,8,24,10,6,15,4,3,3,17,"TOEFL",3.7
"1313","327",26,23,16,13,2,43,29,1,15,49,3,44,1,25,3,21,1,1,11,29,2,8,5,23,12,4,3,4,"TOEFL",4.5
"1323","3280",14,27,4,1,11,3,29,1,45,36,2,18,86,1,32,5,27,6,32,3,1,13,32,11,11,5,17,16,"TOEFL",3
"1324","3281",10,19,7,3,25,1,39,24,3,1,5,37,1,42,7,7,9,13,1,2,11,18,1,6,2,11,12,2,"TOEFL",3.5
"1326","3283",5,14,13,2,20,1,37,28,2,58,4,1,12,26,5,20,1,1,15,22,5,11,14,8,1,5,5,14,"TOEFL",2.5
"1327","3284",9,15,5,2,25,32,38,5,4,8,33,27,1,13,2,17,4,1,1,7,16,1,3,11,9,4,9,15,"TOEFL",3.8
"1328","3285",14,20,15,3,45,57,43,2,6,52,38,2,1,27,8,15,1,1,1,11,15,11,3,7,16,12,4,1,"TOEFL",4.5
"1329","3286",1,1,16,18,1,2,12,2,38,1,1,45,28,7,3,8,57,1,31,1,15,4,18,2,1,13,22,2,"TOEFL",4.2
"1330","3287",11,16,7,22,33,33,1,4,35,3,18,1,16,5,16,2,1,1,15,18,1,4,2,10,13,1,1,1,"TOEFL",4
"1331","3288",9,28,15,7,27,5,40,28,2,7,47,6,8,44,5,29,1,11,21,43,4,6,7,2,2,4,9,28,"TOEFL",4
"1332","3289",18,16,10,1,29,37,46,7,49,3,1,27,27,8,11,2,17,25,2,7,2,23,10,1,15,5,18,16,"TOEFL",4.2
"1333","3291",16,24,18,1,22,46,23,1,71,1,20,11,1,24,8,7,1,3,8,12,17,1,16,24,18,1,22,46,"TOEFL",3.2
"1335","3293",1,1,26,16,14,4,18,1,45,31,1,1,2,58,4,37,8,5,18,1,1,7,10,3,1,1,8,10,"TOEFL",4
"1336","3294",18,17,8,1,21,1,51,30,2,2,5,69,30,10,8,10,15,1,3,1,5,9,9,7,11,9,1,18,"TOEFL",4.2
"1337","3295",17,11,5,10,27,15,2,13,30,1,37,1,11,12,14,1,14,23,2,1,10,1,2,3,17,11,5,10,"TOEFL",4.5
"1338","3296",25,17,16,4,28,1,47,15,2,19,55,1,48,24,9,15,2,20,41,1,5,4,26,2,3,3,7,25,"TOEFL",4.2
"1340","3299",18,18,3,3,12,1,22,1,54,55,3,12,38,10,49,19,4,21,2,1,7,18,9,8,11,10,3,4,"TOEFL",3
"1346","3305",18,16,15,3,14,3,34,25,3,6,43,15,1,1,13,3,11,5,7,14,4,2,5,8,10,1,2,18,"TOEFL",3
"1347","3306",23,1,21,1,1,11,4,28,1,1,61,42,6,1,13,51,2,32,1,36,11,28,6,1,11,21,10,6,"TOEFL",2.5
"1348","3308",10,15,12,2,9,2,31,14,1,6,40,3,24,11,10,1,11,17,4,8,8,11,9,1,3,1,10,15,"TOEFL",3.6
"1349","3309",19,18,17,36,2,41,26,1,10,65,1,24,4,17,7,32,2,15,21,9,11,6,8,12,1,1,5,19,"TOEFL",3.2
"1352","3313",6,10,1,14,1,9,1,18,11,2,3,20,27,1,10,2,13,1,2,4,2,4,4,14,5,1,1,2,"TOEFL",3.1
"1353","3314",18,16,5,22,27,21,1,1,2,45,1,1,13,1,20,6,26,1,13,19,3,2,3,16,10,2,7,18,"TOEFL",3.8
"1354","3315",14,15,9,26,4,36,21,1,6,50,2,37,2,12,9,12,1,10,12,9,4,1,14,1,1,2,2,14,"TOEFL",3.9
"1355","3316",14,19,6,1,27,5,40,23,1,3,42,16,12,12,2,18,6,7,17,3,6,13,4,7,1,14,19,6,"TOEFL",2.8
"1356","3317",22,16,5,2,31,40,27,1,1,7,50,4,21,4,1,4,14,3,1,15,16,7,7,6,2,7,2,1,"TOEFL",2.5
"1357","3318",16,21,14,6,35,36,22,5,13,67,1,9,25,2,14,2,1,22,27,6,9,18,2,1,2,16,21,14,"TOEFL",2.9
"1361","3322",19,17,9,3,33,2,38,24,1,9,49,1,32,1,17,4,19,2,1,16,23,8,11,8,9,13,3,1,"TOEFL",4
"1363","3325",28,21,6,2,24,3,46,22,2,3,58,11,27,6,3,13,1,4,15,13,22,4,7,2,5,1,3,28,"TOEFL",3.2
"1364","3326",21,18,2,47,1,54,43,2,5,60,20,11,2,14,13,17,3,6,3,11,16,1,2,2,21,18,2,47,"TOEFL",3
"1365","3327",15,15,10,2,29,4,40,24,3,2,49,16,1,15,5,10,1,7,9,9,5,4,9,14,3,1,15,15,"TOEFL",4
"1366","3328",13,2,16,11,1,12,35,20,2,6,42,5,33,6,12,15,7,9,16,1,5,4,16,3,1,1,1,13,"TOEFL",3.6
"1372","3334",20,20,8,2,19,4,40,13,1,4,55,14,1,32,8,11,1,11,17,7,9,7,12,19,2,4,20,20,"TOEFL",3.6
"1374","3337",27,1,20,12,1,43,1,48,21,1,4,2,35,16,3,39,2,6,3,11,6,20,23,20,9,11,13,4,"TOEFL",3
"1376","3339",24,2,23,9,5,45,3,40,22,2,2,63,9,16,27,6,17,3,10,13,29,11,4,6,6,3,1,7,"TOEFL",3.8
"1378","3341",13,16,6,2,13,4,37,31,2,1,1,40,4,22,17,10,19,1,16,15,2,7,2,18,7,2,2,13,"TOEFL",4.2
"1379","3342",26,21,5,15,1,30,20,8,30,3,27,1,34,10,21,1,16,27,23,11,2,15,2,3,1,2,26,21,"TOEFL",3
"1384","3347",20,15,11,1,31,1,39,28,1,6,55,1,19,20,7,16,2,10,20,7,4,11,14,1,2,2,20,15,"TOEFL",3.8
"1385","3348",25,23,7,1,35,1,51,18,5,1,5,57,12,1,22,34,11,25,2,2,11,22,26,18,1,11,4,2,"TOEFL",3.2
"1386","3349",29,19,16,1,29,1,49,36,2,1,7,51,1,55,8,5,16,14,21,1,8,5,14,16,1,1,29,19,"TOEFL",4
"1388","3350",15,13,9,8,25,2,29,22,2,7,47,10,16,6,12,3,1,14,15,10,1,8,9,1,2,15,13,9,"TOEFL",4
"1390","3352",22,14,6,1,28,1,32,32,5,56,3,29,1,11,2,22,20,16,15,2,5,4,2,2,4,22,14,6,"TOEFL",3
"1394","3356",14,13,14,8,2,22,23,1,4,26,2,29,7,16,1,6,12,4,19,5,11,3,2,14,13,14,8,2,"TOEFL",3.5
"1395","3357",9,3,11,6,1,19,2,21,16,3,8,49,3,18,4,2,7,8,12,2,2,3,6,4,2,9,3,11,"TOEFL",3.5
"1396","3358",25,1,19,10,25,1,45,19,1,4,48,3,1,15,32,13,22,2,6,11,28,9,4,7,2,1,2,2,"TOEFL",3
"1397","3359",14,13,7,3,28,3,28,29,4,1,5,40,1,27,2,9,6,10,2,16,18,3,9,11,2,1,1,14,"TOEFL",4.4
"1399","3361",14,19,5,32,4,39,31,1,4,52,2,26,4,10,8,13,1,5,7,10,23,2,2,14,19,5,32,4,"TOEFL",3
"1400","3362",12,1,15,7,3,15,21,25,1,1,6,29,1,20,1,14,2,16,1,8,17,3,2,3,13,6,2,1,"TOEFL",4.6
"1402","3364",13,1,18,2,2,11,5,25,1,35,24,1,8,50,15,15,1,9,5,17,1,3,9,14,15,5,4,5,"TOEFL",5.2
"1413","3374",21,25,7,1,18,2,26,30,1,1,1,40,1,27,38,10,13,14,10,28,4,3,19,2,2,4,6,21,"TOEFL",3.5
"1414","3375",8,18,5,13,1,27,9,1,2,29,9,20,2,2,9,1,10,6,3,6,13,1,6,10,5,1,1,8,"TOEFL",3.2
"1418","338",3,18,3,1,10,19,18,5,2,3,18,17,1,17,3,6,3,7,11,1,4,16,9,3,2,3,18,3,"TOEFL",3
"1419","3380",21,20,10,1,23,1,40,18,2,50,30,29,6,11,10,8,30,5,7,2,1,2,14,21,20,10,1,23,"TOEFL",4.5
"1429","3390",14,14,13,16,42,22,1,4,5,49,44,8,6,6,18,1,5,9,9,3,18,6,1,1,1,14,14,13,"TOEFL",4
"1430","3391",20,2,18,9,3,17,38,18,2,12,39,1,41,5,12,6,27,1,1,9,25,10,3,20,8,5,2,20,"TOEFL",3.8
"1431","3392",22,20,11,2,21,1,66,29,1,2,2,84,1,22,18,10,24,11,9,17,4,5,10,13,1,1,1,22,"TOEFL",4.5
"1433","3394",13,1,10,5,25,4,28,23,1,9,48,17,7,7,8,1,9,15,4,3,7,4,3,13,1,10,5,25,"TOEFL",4.2
"1435","3396",12,15,4,17,27,12,4,27,5,31,1,2,1,11,1,13,16,4,4,14,4,2,1,12,15,4,17,27,"TOEFL",3
"1436","3399",27,20,14,1,25,1,47,31,2,2,8,48,1,60,7,7,17,1,9,20,11,7,14,15,1,27,20,14,"TOEFL",4.6
"1437","3400",26,19,11,32,1,43,37,2,1,60,2,35,5,13,20,18,3,3,8,10,6,4,22,16,3,1,5,26,"TOEFL",4
"1438","3401",12,2,18,6,30,2,39,13,1,2,50,24,8,6,8,1,7,6,3,3,4,13,9,2,1,12,2,18,"TOEFL",3.5
"1439","3402",16,15,4,1,9,25,16,1,1,4,30,29,12,12,5,1,1,14,13,2,5,4,11,8,3,1,1,16,"TOEFL",2.5
"1440","3403",18,13,17,1,15,33,18,7,1,3,34,1,29,1,13,2,24,1,2,11,15,7,3,10,15,3,4,18,"TOEFL",4.2
"1441","3404",1,1,19,20,2,2,15,10,38,36,30,8,44,6,18,2,13,1,15,1,1,8,15,2,6,5,8,18,"TOEFL",3
"1442","3405",16,11,10,1,25,1,25,25,3,6,32,30,5,2,5,2,2,7,13,3,7,6,1,1,1,16,11,10,"TOEFL",3.8
"1443","3406",13,1,16,1,8,2,10,1,30,7,2,1,2,48,23,1,13,7,10,13,11,2,12,4,9,9,3,13,"TOEFL",4
"1444","3407",10,16,10,1,23,1,29,23,1,6,50,1,1,21,1,7,3,7,5,8,12,2,3,5,7,10,10,16,"TOEFL",4.5
"1445","3408",27,23,1,15,2,18,42,34,3,2,9,32,1,61,3,19,8,28,1,13,23,4,19,1,25,11,1,3,"TOEFL",4.5
"1447","341",17,20,6,1,20,27,12,2,1,16,37,2,17,1,16,10,13,3,18,1,3,7,5,1,17,20,6,1,"TOEFL",3
"1448","3410",20,21,1,1,8,19,3,1,47,15,1,1,6,51,1,32,19,6,12,1,8,17,3,2,8,22,3,3,"TOEFL",3.9
"1449","3411",14,1,14,4,11,18,19,1,1,4,28,1,24,11,13,8,1,12,16,2,6,10,5,1,2,14,1,14,"TOEFL",3.8
"1450","3412",14,12,7,26,41,24,61,5,13,1,14,11,7,1,12,6,21,2,2,1,3,14,12,7,26,41,24,61,"TOEFL",4.5
"1451","3413",19,16,9,20,29,30,2,1,8,57,2,21,4,4,2,10,1,13,19,11,14,12,11,5,19,16,9,20,"TOEFL",4
"1452","3414",30,2,20,12,1,20,42,37,10,2,72,1,19,20,5,18,5,1,15,17,2,9,3,11,16,1,30,2,"TOEFL",4.2
"1454","3416",17,21,6,20,29,13,1,9,43,10,25,16,26,1,15,25,1,12,10,14,11,1,3,17,21,6,20,29,"TOEFL",4.5
"1455","3417",23,19,7,27,46,44,2,2,72,1,22,11,13,10,1,8,8,1,12,2,9,14,23,19,7,27,46,44,"TOEFL",4.5
"1456","3418",14,1,16,7,15,29,12,3,4,43,36,2,3,12,19,1,6,15,1,3,15,3,4,14,1,16,7,15,"TOEFL",3.7
"1457","3419",26,17,1,1,6,20,34,45,23,12,62,2,34,7,15,1,9,1,11,21,9,8,6,6,3,4,1,26,"TOEFL",4.8
"1459","3420",22,14,6,1,13,1,47,23,4,6,41,3,30,1,22,4,21,1,15,20,8,20,6,10,6,3,5,22,"TOEFL",3.7
"1460","3421",13,1,14,7,21,1,37,12,2,5,41,23,3,15,10,11,3,8,15,3,4,3,14,4,2,13,1,14,"TOEFL",3.5
"1461","3422",14,1,17,7,1,20,2,29,19,1,2,6,43,1,26,4,3,18,2,8,13,1,6,4,10,11,2,2,"TOEFL",3.3
"1462","3423",13,5,17,8,3,19,28,30,1,10,40,31,5,7,8,24,1,10,25,3,2,4,9,6,2,1,13,5,"TOEFL",4
"1465","3426",16,1,13,10,1,25,33,27,2,4,43,2,24,4,20,6,9,1,1,6,7,7,2,8,12,5,1,1,"TOEFL",4
"1466","3427",13,2,18,11,2,10,31,27,1,6,33,3,29,4,5,5,14,1,16,17,1,13,6,11,9,2,1,13,"TOEFL",4.5
"1467","3428",23,20,9,24,38,37,2,1,9,57,3,34,5,3,3,13,3,14,23,1,10,15,16,10,3,23,20,9,"TOEFL",4.7
"1468","3429",28,20,1,14,2,24,38,35,3,61,44,8,12,18,26,2,3,12,11,1,5,4,26,14,1,1,3,28,"TOEFL",4.6
"1470","3430",25,1,22,10,5,17,2,31,40,1,1,5,62,2,29,6,8,21,3,1,6,13,2,7,7,13,10,1,"TOEFL",4.2
"1473","3433",17,1,17,14,2,33,32,41,7,64,17,3,9,5,12,1,10,19,9,1,5,6,4,1,1,1,17,1,"TOEFL",4
"1474","3434",25,15,1,1,11,1,33,44,20,1,3,54,10,24,5,18,7,11,3,1,1,8,8,8,14,6,13,4,"TOEFL",4.5
"1477","3437",22,14,13,2,26,1,50,29,1,8,54,30,23,2,6,1,1,17,17,5,19,6,7,9,2,4,22,14,"TOEFL",3.3
"1478","3438",4,23,2,12,3,12,7,1,26,12,5,27,2,17,13,2,15,10,14,1,9,1,10,8,1,1,4,23,"TOEFL",2
"1479","3439",21,21,5,43,45,25,1,13,51,30,25,11,7,19,1,5,1,14,11,1,2,21,21,5,43,45,25,1,"TOEFL",3
"1480","3440",23,15,9,1,16,48,38,3,1,14,62,6,16,3,17,3,14,2,8,28,8,6,10,14,2,1,23,15,"TOEFL",3
"1481","3441",14,24,7,5,20,2,40,50,9,70,12,6,19,9,20,7,1,2,3,17,5,1,1,13,17,4,1,14,"TOEFL",3
"1483","3443",18,20,9,10,1,39,18,2,1,2,67,2,21,1,19,2,18,2,18,23,1,4,6,16,13,1,1,18,"TOEFL",3.4
"1484","3444",22,24,8,2,11,2,41,18,13,28,33,24,5,19,1,12,28,6,10,1,16,5,1,1,22,24,8,2,"TOEFL",4
"1485","3445",5,16,2,9,3,10,1,18,12,1,7,20,9,16,10,19,2,1,12,1,2,8,12,1,5,16,2,9,"TOEFL",2
"1486","3447",28,1,16,15,2,20,2,32,35,2,9,48,41,4,18,9,13,1,7,16,1,7,2,20,5,3,1,6,"TOEFL",4.2
"1487","3448",18,15,4,2,35,1,37,19,4,7,49,32,3,6,2,15,1,1,2,14,5,13,2,11,8,1,2,18,"TOEFL",4.5
"1488","3449",27,16,1,1,11,3,19,45,34,2,60,4,16,2,24,6,13,2,9,6,10,7,10,14,10,1,4,1,"TOEFL",4
"1489","3450",22,2,19,8,32,1,41,34,2,12,49,37,2,7,4,29,1,9,21,3,2,3,14,11,1,2,22,2,"TOEFL",4.2
"1490","3451",34,25,25,25,1,47,40,3,11,82,4,34,5,19,7,19,4,1,5,27,6,14,10,20,10,2,2,1,"TOEFL",4.5
"1491","3452",19,1,19,17,13,36,36,2,10,37,52,5,10,5,16,1,4,14,1,4,8,21,2,1,19,1,19,17,"TOEFL",4.5
"1499","3460",18,23,8,10,2,41,15,5,3,14,23,1,59,1,17,22,18,1,13,27,13,4,6,15,1,3,18,23,"TOEFL",4.5
"1500","3461",19,1,16,11,3,36,1,39,13,5,6,74,10,19,6,13,1,1,13,17,6,22,2,2,12,1,1,19,"TOEFL",4
"1501","3462",20,16,6,4,30,1,40,12,3,5,60,4,23,1,10,10,10,1,8,12,9,7,5,7,5,1,20,16,"TOEFL",4.2
"1502","3463",9,1,12,4,2,9,1,23,11,8,43,4,1,10,5,6,17,1,6,2,4,1,9,1,12,4,2,9,"TOEFL",2
"1503","3464",14,19,9,1,9,32,20,9,32,2,21,2,29,4,14,1,2,7,20,3,8,1,20,4,1,8,1,14,"TOEFL",3.7
"1504","3465",25,28,11,1,32,2,61,19,1,17,62,2,28,43,9,32,5,11,23,5,1,1,28,12,2,4,2,25,"TOEFL",5
"1505","3466",15,2,15,8,1,19,24,15,1,11,29,1,29,22,6,17,1,9,17,3,7,2,4,11,1,3,3,15,"TOEFL",3.7
"1506","3467",26,20,6,5,17,64,43,5,11,50,51,15,19,13,1,14,23,2,9,1,12,12,2,1,1,26,20,6,"TOEFL",4.5
"1507","3468",20,2,15,9,4,10,1,52,27,7,6,61,1,31,15,6,13,3,1,19,15,8,9,2,10,6,1,4,"TOEFL",4.5
"1508","3469",20,14,12,2,25,2,27,22,4,10,41,2,24,13,6,16,11,16,5,8,3,8,8,1,1,5,20,14,"TOEFL",3.8
"1510","3470",10,11,6,11,25,13,5,1,10,34,12,14,2,7,12,26,6,5,3,1,10,11,6,11,25,13,5,1,"TOEFL",2.5
"1511","3471",16,1,14,9,1,13,24,14,1,6,47,6,10,6,12,4,1,10,12,12,1,3,5,1,16,1,14,9,"TOEFL",2.3
"1512","3472",16,1,14,14,1,29,3,18,24,2,9,44,2,15,1,5,7,18,10,17,1,5,3,5,4,1,1,16,"TOEFL",3.8
"1513","3473",23,6,14,9,2,29,1,33,18,2,19,38,27,17,4,22,2,13,24,5,5,2,4,2,23,6,14,9,"TOEFL",2.8
"1514","3474",18,19,1,1,6,28,32,23,7,51,2,37,10,8,7,15,8,19,5,5,5,14,4,2,2,1,18,19,"TOEFL",3.7
"1515","3475",15,16,11,28,39,14,1,5,55,2,22,2,5,7,12,3,1,4,11,4,7,5,8,11,4,15,16,11,"TOEFL",4.2
"1516","3476",24,21,17,1,29,2,45,48,4,5,52,2,45,17,8,17,3,4,14,14,8,13,1,16,7,1,3,24,"TOEFL",5
"1518","3478",20,1,19,15,32,40,21,1,6,10,68,5,37,4,15,5,9,1,2,9,17,4,22,8,8,7,1,2,"TOEFL",4.3
"1519","3479",23,22,12,38,1,51,18,11,53,2,40,2,12,8,26,1,6,12,6,6,11,13,4,2,1,23,22,12,"TOEFL",4.3
"1520","3480",12,1,10,8,4,1,24,16,1,4,42,17,3,11,1,10,3,5,9,2,5,4,7,8,1,1,12,1,"TOEFL",2.2
"1521","3481",7,1,15,8,1,14,2,26,13,2,3,30,17,12,4,12,1,1,4,14,1,10,11,5,2,1,7,1,"TOEFL",3.8
"1522","3482",4,18,4,2,10,3,28,2,3,15,11,1,1,5,46,5,4,15,4,15,3,4,10,11,3,5,2,1,"TOEFL",2.2
"1523","3483",16,19,7,1,10,41,24,1,4,46,28,1,30,8,12,3,8,14,1,8,2,29,7,1,11,2,16,19,"TOEFL",4
"1524","3484",13,17,8,1,34,31,11,1,1,7,52,21,7,8,13,1,6,14,4,8,13,4,1,1,13,17,8,1,"TOEFL",3.5
"1525","3485",17,21,15,27,2,55,23,3,5,17,52,28,4,20,2,16,4,12,22,19,4,12,10,2,17,21,15,27,"TOEFL",5
"1526","3486",12,14,6,28,1,19,9,1,1,11,40,6,1,1,16,1,9,1,7,20,6,2,2,7,12,14,6,28,"TOEFL",3.2
"1527","3487",24,28,1,12,1,29,1,38,17,1,2,11,48,4,40,1,18,4,23,1,2,7,21,3,4,3,22,2,"TOEFL",4
"1529","3489",16,2,12,9,32,24,10,1,1,9,40,1,12,13,5,12,1,1,9,16,1,12,5,2,16,2,12,9,"TOEFL",3.6
"1531","3490",18,28,24,1,39,57,29,2,20,86,2,1,73,4,6,14,29,16,36,9,12,26,7,2,4,3,18,28,"TOEFL",3.5
"1532","3491",8,14,13,1,20,26,15,11,32,2,40,1,4,3,8,6,16,7,5,10,2,1,1,1,8,14,13,1,"TOEFL",3.3
"1533","3492",12,1,16,2,2,12,1,27,1,27,21,1,7,41,4,20,13,1,14,2,14,22,2,7,1,6,13,2,"TOEFL",4.2
"1536","3495",18,19,10,1,36,27,22,6,55,25,2,11,7,10,3,9,16,17,1,16,9,1,1,18,19,10,1,36,"TOEFL",4.2
"1537","3496",19,29,12,3,24,4,38,30,2,13,25,29,22,30,1,23,18,28,4,8,4,13,12,2,2,19,29,12,"TOEFL",4.2
"1538","3497",16,1,13,3,1,8,1,20,1,27,21,1,2,6,25,2,32,3,11,4,16,1,13,17,2,4,3,9,"TOEFL",3.5
"1539","3498",14,16,8,23,2,30,19,1,6,33,21,1,8,2,17,1,9,14,1,7,5,9,9,3,14,16,8,23,"TOEFL",3.2
"1542","3500",11,14,5,28,1,30,18,2,2,6,39,22,1,15,5,13,12,22,9,5,1,8,3,4,1,11,14,5,"TOEFL",3.5
"1543","3501",17,30,7,7,14,1,35,25,5,7,38,19,37,2,13,8,29,2,2,19,19,3,2,3,19,8,1,3,"TOEFL",4.3
"1544","3502",15,18,18,1,24,29,23,7,48,23,13,6,26,1,1,15,25,1,5,8,15,12,3,15,18,18,1,24,"TOEFL",4.5
"1545","3503",16,1,22,1,1,12,2,15,1,33,28,3,4,27,3,31,31,14,24,1,1,12,18,4,3,14,25,4,"TOEFL",4.3
"1547","3505",20,24,10,17,8,49,24,9,30,2,71,18,1,17,7,12,5,1,30,4,4,1,9,20,24,10,17,8,"TOEFL",4.8
"1550","3508",18,20,9,13,1,31,27,2,2,33,1,48,3,8,8,11,1,17,17,4,9,2,13,6,2,18,20,9,"TOEFL",4.2
"1551","3509",16,18,13,1,22,3,35,22,1,9,42,37,10,11,8,1,1,10,22,1,3,19,2,1,1,2,16,18,"TOEFL",3.2
"1553","3510",18,19,11,33,33,21,4,5,53,3,11,14,8,13,2,10,16,18,2,8,12,18,19,11,33,33,21,4,"TOEFL",3.5
"1554","3511",12,12,6,20,1,14,9,1,28,15,7,1,7,2,2,1,7,12,7,1,2,12,12,6,20,1,14,9,"TOEFL",2.2
"1555","3512",13,13,1,1,9,17,26,21,2,6,24,2,1,27,3,10,3,17,3,11,18,4,3,5,7,1,13,13,"TOEFL",3.8
"1556","3513",26,18,11,1,17,3,49,34,7,3,5,71,7,14,1,28,8,9,3,15,19,8,6,2,15,14,5,2,"TOEFL",3.5
"1557","3514",20,19,8,20,47,20,5,52,41,2,12,13,15,7,17,2,5,3,19,8,1,3,1,20,19,8,20,47,"TOEFL",4.2
"1558","3515",8,14,13,19,3,19,15,1,7,29,6,11,1,13,3,6,5,11,1,1,6,3,1,8,14,13,19,3,"TOEFL",2
"1559","3516",27,26,9,1,16,2,33,10,9,58,1,33,7,6,13,1,2,25,23,3,6,1,22,5,6,27,26,9,"TOEFL",5
"1561","3519",13,18,12,17,42,25,1,5,46,2,42,9,7,14,2,7,12,6,4,5,10,8,1,1,13,18,12,17,"TOEFL",4.3
"1563","3520",19,22,7,39,53,33,1,9,97,6,1,15,1,4,3,24,1,6,16,2,6,11,12,12,2,19,22,7,"TOEFL",4.8
"1564","3521",12,11,8,23,38,25,1,4,30,27,2,8,8,8,1,1,7,14,1,8,2,6,5,12,11,8,23,38,"TOEFL",3.8
"1565","3523",16,22,8,32,48,24,2,13,66,22,2,21,9,11,1,1,8,23,1,4,4,13,9,1,1,1,16,22,"TOEFL",4.7
"1568","3526",14,13,12,2,14,1,27,19,3,33,28,2,11,6,14,1,1,20,19,1,2,13,8,1,1,14,13,12,"TOEFL",3.9
"1570","3528",14,1,12,9,2,18,1,34,20,1,1,8,54,13,7,7,12,2,7,18,7,5,2,5,3,1,2,2,"TOEFL",3.8
"1571","3529",24,19,1,11,4,40,39,22,13,67,2,15,3,25,2,19,3,1,10,25,4,17,2,11,10,1,2,3,"TOEFL",4.2
"1572","3530",8,21,12,2,16,1,1,28,17,1,9,25,30,3,14,1,14,5,3,14,4,2,12,4,1,8,21,12,"TOEFL",3
"1573","3531",10,1,12,9,2,23,1,28,19,3,4,42,10,2,10,11,6,1,1,9,14,5,2,2,4,8,2,10,"TOEFL",3.8
"1574","3532",17,16,6,2,17,24,23,11,44,31,8,1,16,4,2,5,13,5,2,8,10,1,2,17,16,6,2,17,"TOEFL",3.8
"1575","3533",22,8,3,1,18,20,8,4,19,2,1,23,4,6,12,3,6,2,4,4,5,8,2,22,8,3,1,18,"TOEFL",3.2
"1576","3534",18,11,2,2,5,1,17,1,34,18,1,1,26,7,32,10,3,6,1,7,8,9,2,5,10,1,3,3,"TOEFL",4
"1577","3535",4,24,2,10,22,33,25,1,7,30,3,21,29,10,19,1,9,19,12,13,6,2,2,1,4,24,2,10,"TOEFL",3
"1578","3536",19,22,16,2,31,27,49,16,74,7,24,1,7,3,11,1,5,19,5,8,6,7,6,1,1,19,22,16,"TOEFL",3.7
"1579","3537",22,28,5,1,29,1,52,23,6,1,14,77,6,21,25,3,22,7,9,23,2,5,3,10,19,3,1,1,"TOEFL",5
"1580","3538",12,11,5,1,17,1,38,21,2,3,2,40,1,16,10,11,3,1,12,16,5,11,3,6,10,2,1,12,"TOEFL",4
"1581","3539",19,25,15,2,36,1,34,30,2,11,59,41,1,8,3,23,1,1,1,7,18,2,6,1,12,14,1,19,"TOEFL",4.5
"1582","354",6,1,10,9,25,23,17,2,5,21,20,6,7,13,1,2,4,13,1,8,2,9,3,2,6,1,10,9,"TOEFL",3.5
"1583","3540",10,13,8,1,10,1,20,16,28,24,6,15,3,19,2,8,7,1,1,1,28,5,4,5,10,13,8,1,"TOEFL",3
"1584","3541",21,25,1,1,14,34,50,32,3,3,18,96,5,25,18,4,22,12,29,1,5,5,10,10,2,2,4,21,"TOEFL",4.3
"1585","3542",17,27,20,45,31,34,1,1,10,67,13,34,6,12,19,13,1,18,32,8,9,3,13,7,1,2,17,27,"TOEFL",4.3
"1586","3544",8,12,2,2,9,3,19,1,32,31,3,1,8,37,28,1,4,4,13,1,5,18,1,4,4,8,3,8,"TOEFL",3.8
"1587","3546",13,25,19,28,42,22,2,5,46,1,29,2,22,4,25,4,12,1,9,16,8,1,1,1,13,25,19,28,"TOEFL",3.3
"1588","3547",9,23,10,3,22,2,36,26,1,12,37,3,29,3,17,13,12,4,17,1,2,12,2,9,23,10,3,22,"TOEFL",2.5
"1589","3548",11,4,17,1,1,10,5,19,1,38,16,2,5,46,4,15,1,8,16,2,1,9,11,3,11,5,4,15,"TOEFL",3.8
"1590","3549",27,1,18,12,32,52,39,6,2,4,60,4,37,1,24,8,11,2,10,13,6,9,6,13,14,3,2,27,"TOEFL",4.5
"1591","3550",18,19,12,1,17,30,14,7,42,46,1,6,7,20,1,12,20,10,4,23,5,2,4,18,19,12,1,17,"TOEFL",4.5
"1592","3552",15,1,18,6,2,8,1,17,19,2,11,42,2,12,2,6,3,13,16,20,2,8,4,6,8,1,1,2,"TOEFL",3.8
"1593","3553",24,22,14,1,17,1,42,51,3,1,16,38,35,39,12,17,2,1,14,33,7,2,2,17,2,2,3,24,"TOEFL",4
"1594","3554",24,21,10,3,7,1,32,26,4,43,2,19,29,18,27,1,15,23,7,26,5,1,24,21,10,3,7,1,"TOEFL",5
"1596","3556",27,1,26,15,3,25,42,49,2,15,67,1,41,1,10,18,4,21,2,18,26,16,5,2,7,7,1,1,"TOEFL",3.5
"1597","3558",18,1,20,13,4,22,2,31,13,16,30,2,3,26,1,2,21,1,14,1,2,21,1,9,3,13,5,3,"TOEFL",3.6
"1598","3559",10,1,15,1,1,5,3,30,2,20,20,5,42,2,19,7,4,11,10,2,1,3,7,3,7,5,4,11,"TOEFL",3.3
"1600","3561",23,24,12,2,39,2,39,25,3,13,59,3,37,4,8,2,16,2,1,12,22,1,2,2,8,13,1,23,"TOEFL",3.7
"1601","3562",27,21,10,1,25,1,49,20,2,11,49,8,52,2,8,4,15,1,11,24,7,9,7,13,3,3,2,4,"TOEFL",4.7
"1602","3564",17,22,1,2,15,4,30,29,23,2,8,53,11,44,9,2,3,14,1,9,16,1,3,5,16,6,3,17,"TOEFL",4.5
"1603","3565",18,2,13,1,1,14,2,22,1,37,13,1,8,36,3,24,4,16,7,31,7,18,8,3,1,13,1,1,"TOEFL",3.5
"1604","3566",13,15,1,4,4,19,38,24,3,9,62,1,8,10,4,10,1,4,12,2,10,4,11,13,15,1,4,4,"TOEFL",3.7
"1605","3567",8,9,2,1,11,28,17,8,36,14,1,5,1,11,6,12,3,2,4,1,6,8,9,2,1,11,28,17,"TOEFL",3.8
"1606","3568",26,22,17,1,20,53,25,6,44,1,54,3,8,6,18,3,1,1,15,22,2,17,2,15,6,2,2,26,"TOEFL",5
"1607","3569",1,1,16,12,6,11,2,24,6,1,5,29,18,1,4,4,11,4,12,1,2,9,9,2,1,1,1,16,"TOEFL",4
"1608","357",8,11,4,24,22,17,1,2,38,6,2,17,5,4,2,1,9,14,10,12,11,2,5,2,8,11,4,24,"TOEFL",4
"1609","3570",10,1,15,7,1,21,1,24,24,1,5,35,23,7,3,10,1,14,17,3,3,2,6,5,1,2,10,1,"TOEFL",3.3
"1610","3571",20,13,12,1,16,54,13,4,5,40,24,17,4,12,5,7,5,12,6,15,2,7,14,1,20,13,12,1,"TOEFL",4.7
"1611","3572",9,19,11,24,3,23,15,1,1,7,44,26,15,1,17,7,16,1,2,5,11,8,1,1,9,19,11,24,"TOEFL",3
"1613","3575",27,18,10,3,16,37,27,2,1,8,50,6,22,24,6,18,2,14,24,10,1,19,8,1,2,27,18,10,"TOEFL",4.5
"1614","3577",22,22,12,16,45,20,2,2,5,48,1,35,2,24,23,17,2,4,21,28,8,8,17,4,1,2,2,22,"TOEFL",4.5
"1615","3578",13,17,1,1,14,3,17,44,34,1,1,6,43,8,38,10,6,5,17,3,8,16,5,9,1,5,8,2,"TOEFL",3.9
"1617","3580",24,14,6,1,32,2,50,39,2,5,66,2,23,2,17,18,12,2,10,11,12,7,9,7,12,4,2,4,"TOEFL",3.8
"1620","3584",14,22,13,3,11,4,34,30,1,9,40,36,2,15,7,22,1,1,12,18,2,7,3,17,7,1,4,14,"TOEFL",3
"1621","3585",2,14,10,1,30,21,18,5,28,19,16,4,6,7,8,4,6,10,1,3,1,2,14,10,1,30,21,18,"TOEFL",2.7
"1624","3588",5,23,16,3,20,27,10,2,15,27,4,40,1,12,15,9,2,9,26,7,8,11,8,1,5,5,23,16,"TOEFL",3
"1628","3593",7,28,2,18,25,28,25,4,32,9,1,38,5,29,4,13,11,2,23,5,1,3,2,7,28,2,18,25,"TOEFL",2.5
"1629","3594",10,19,7,2,24,1,33,17,2,2,39,2,17,3,15,2,17,5,7,8,10,8,14,5,3,10,19,7,"TOEFL",2.7
"1630","3595",1,1,13,1,13,1,1,6,3,20,1,22,13,6,48,2,4,6,7,20,1,3,14,2,3,2,10,11,"TOEFL",2.7
"1631","3596",8,12,4,28,4,19,20,34,2,10,1,5,3,11,1,1,9,10,2,1,10,8,1,8,12,4,28,4,"TOEFL",3
"1632","3597",11,16,3,1,32,2,22,29,3,8,35,1,10,9,3,8,1,6,14,5,6,2,7,2,1,1,11,16,"TOEFL",3.2
"1633","3598",13,14,4,1,19,1,23,24,10,48,22,6,6,15,1,9,20,1,3,10,7,2,13,14,4,1,19,1,"TOEFL",4
"1634","3599",11,13,7,1,18,30,21,37,18,4,11,2,19,1,6,7,1,2,4,11,11,1,11,13,7,1,18,30,"TOEFL",4
"1636","3600",13,14,10,1,23,35,21,3,14,35,21,5,9,11,15,1,2,18,1,4,4,8,3,4,13,14,10,1,"TOEFL",3
"1637","3601",22,16,11,2,25,2,44,38,2,5,51,2,21,17,8,13,4,1,14,14,3,15,1,11,12,1,1,22,"TOEFL",4.8
"1638","3602",22,13,10,3,21,2,36,19,1,7,35,23,19,7,9,2,1,23,25,14,2,12,11,3,6,22,13,10,"TOEFL",4.2
"1639","3603",18,12,7,2,12,1,26,9,2,1,4,29,35,1,6,5,10,1,1,4,6,3,6,8,10,7,2,1,"TOEFL",4.5
"1640","3604",18,10,5,25,3,31,24,3,12,44,1,18,7,5,8,1,1,13,5,5,7,4,2,1,18,10,5,25,"TOEFL",4
"1641","3605",1,4,4,6,9,4,2,8,2,2,7,2,4,2,5,5,3,1,1,4,4,6,9,4,2,8,2,2,"TOEFL",1
"1642","3606",5,20,13,2,14,1,26,18,1,6,23,1,1,20,13,7,13,1,3,2,9,1,2,17,3,1,5,20,"TOEFL",2.7
"1643","3607",19,19,10,1,29,35,13,3,46,39,1,3,14,10,16,1,24,24,8,8,6,15,7,1,6,3,19,19,"TOEFL",3.8
"1644","3608",12,13,8,27,27,15,12,35,5,12,11,4,6,1,10,20,2,2,4,6,12,13,8,27,27,15,12,35,"TOEFL",4
"1645","361",17,20,6,1,20,27,12,2,1,16,37,2,17,1,16,10,13,3,18,1,3,7,5,1,17,20,6,1,"TOEFL",3
"1646","3610",2,2,9,18,5,1,48,30,17,3,6,63,3,4,1,11,2,11,1,2,6,1,14,2,8,5,9,11,"TOEFL",3.2
"1647","3611",21,18,9,2,25,25,28,2,6,34,24,14,13,2,9,1,11,15,2,4,5,13,9,6,1,21,18,9,"TOEFL",3.8
"1648","3612",27,21,1,1,11,2,27,43,33,9,45,17,25,2,29,3,14,9,17,9,12,6,13,6,1,4,3,27,"TOEFL",4
"1649","3613",12,10,3,2,21,29,19,6,22,21,8,15,2,8,7,13,1,5,6,10,3,1,2,12,10,3,2,21,"TOEFL",3.6
"1650","3614",1,1,11,10,7,23,19,10,1,11,34,1,8,1,12,3,17,8,17,4,8,3,9,3,2,1,1,11,"TOEFL",3.3
"1651","3615",14,11,6,8,1,24,13,7,15,40,2,9,6,15,1,7,16,1,3,1,12,5,1,4,14,11,6,8,"TOEFL",4
"1653","3617",15,17,8,1,38,41,17,2,13,51,29,1,3,15,9,9,1,1,14,28,1,5,4,8,9,3,2,15,"TOEFL",4
"1654","3618",15,15,4,1,13,1,43,19,2,1,6,39,2,22,10,17,8,1,15,22,4,12,3,7,3,15,15,4,"TOEFL",4.5
"1655","3619",17,13,9,10,38,8,1,1,6,29,1,29,9,1,17,3,1,11,19,1,12,3,6,12,2,1,1,17,"TOEFL",3.7
"1657","3620",13,14,9,2,9,1,38,11,1,9,23,24,21,5,19,10,20,2,2,12,6,1,1,13,14,9,2,9,"TOEFL",4
"1658","3621",19,17,9,2,21,38,15,1,13,60,2,1,26,21,18,16,33,5,15,5,2,3,19,17,9,2,21,38,"TOEFL",3
"1659","3622",15,18,12,30,1,32,19,2,11,56,2,19,1,14,7,15,1,5,18,6,3,13,14,5,1,1,15,18,"TOEFL",3.7
"1660","3623",14,16,13,1,21,30,32,5,2,4,42,1,28,2,11,13,2,1,17,20,4,5,14,17,4,3,14,16,"TOEFL",4
"1661","3625",14,17,8,39,1,26,19,1,7,37,42,2,2,7,8,1,9,17,3,5,1,13,4,2,14,17,8,39,"TOEFL",3.8
"1662","3626",16,13,8,1,10,1,26,16,1,1,34,2,15,1,12,4,18,1,1,15,21,6,7,3,3,9,2,2,"TOEFL",4.5
"1664","3628",23,23,15,1,15,44,38,4,5,41,50,2,8,7,16,3,2,15,23,15,1,24,7,2,7,23,23,15,"TOEFL",4.5
"1666","3630",10,22,16,1,22,1,40,22,7,30,16,2,24,6,8,4,8,4,9,8,8,1,1,10,22,16,1,22,"TOEFL",3
"1668","3632",10,15,12,27,3,39,11,2,13,29,1,8,25,16,1,7,21,3,8,8,10,5,4,1,10,15,12,27,"TOEFL",4
"1669","3633",19,1,21,12,3,6,1,39,15,1,2,5,33,38,1,25,7,12,2,19,27,15,2,17,7,2,1,19,"TOEFL",3.6
"1670","3634",2,2,14,20,7,1,26,2,29,22,1,9,38,1,19,13,1,31,10,23,1,5,10,20,7,3,1,2,"TOEFL",4.5
"1671","3635",23,15,12,3,21,25,28,1,6,22,1,26,1,1,12,21,2,2,1,7,16,5,3,13,8,2,2,3,"TOEFL",4
"1672","3636",12,10,13,22,2,44,24,3,3,35,23,2,18,7,6,2,14,13,3,11,4,10,13,1,1,12,10,13,"TOEFL",4
"1673","3637",18,13,7,9,3,42,38,2,1,2,29,1,34,10,4,23,1,12,13,7,7,5,16,4,1,1,18,13,"TOEFL",4.2
"1674","3638",16,19,2,2,11,2,22,1,48,20,7,33,10,54,5,3,4,3,3,13,7,8,5,20,1,6,1,1,"TOEFL",4.2
"1675","3639",15,12,8,12,27,16,3,37,15,16,3,15,1,1,5,10,10,5,8,11,3,1,15,12,8,12,27,16,"TOEFL",3.3
"1676","3640",19,14,1,17,12,1,24,25,8,45,3,21,27,13,18,2,15,25,3,5,1,14,10,4,2,19,14,1,"TOEFL",3.7
"1677","3641",10,18,12,2,25,1,33,12,2,10,40,9,6,40,4,23,11,21,9,1,3,16,4,4,5,10,18,12,"TOEFL",4
"1678","3642",22,17,7,5,10,2,42,22,2,1,3,40,30,17,10,11,1,9,13,7,13,6,1,2,22,17,7,5,"TOEFL",3.3
"1679","3643",20,18,1,10,1,24,4,38,18,8,51,19,1,28,13,17,1,14,24,6,2,22,9,2,3,20,18,1,"TOEFL",4
"1680","3644",19,1,22,11,3,24,1,42,20,2,3,1,60,2,20,27,35,12,5,1,7,12,4,6,13,14,12,5,"TOEFL",4.5
"1681","3645",12,14,22,1,13,1,35,28,2,5,60,3,29,2,6,2,12,3,3,6,14,5,19,4,5,1,12,14,"TOEFL",3.7
"1682","3646",13,26,2,14,3,28,1,1,38,21,1,3,40,2,38,1,29,8,17,1,1,4,11,6,1,1,23,4,"TOEFL",2.7
"1683","3647",18,17,8,12,1,33,11,2,3,33,39,14,4,15,4,1,9,21,11,1,22,3,1,3,18,17,8,12,"TOEFL",4.2
"1684","3648",15,12,10,1,19,1,36,17,1,32,2,27,8,10,10,8,11,7,4,4,9,5,1,1,1,15,12,10,"TOEFL",4.7
"1686","3650",17,1,13,7,2,17,1,1,29,16,1,33,1,29,12,10,11,20,19,4,7,1,11,7,2,17,1,13,"TOEFL",4.5
"1687","3651",12,17,8,2,18,1,44,31,7,58,1,19,8,2,21,1,4,12,7,6,7,10,6,1,2,12,17,8,"TOEFL",4.2
"1688","3652",12,14,6,4,13,1,34,30,1,4,27,1,31,1,17,6,19,1,1,1,8,11,10,1,1,14,5,3,"TOEFL",4.2
"1690","3655",13,12,10,12,1,36,22,1,4,20,24,1,30,5,21,3,1,10,15,2,2,5,33,7,7,6,13,12,"TOEFL",3.7
"1692","3657",21,17,8,25,2,38,16,1,7,34,2,30,20,2,15,1,10,20,11,3,10,5,3,1,5,21,17,8,"TOEFL",4
"1694","3659",20,10,16,11,1,30,28,3,2,30,46,14,2,8,2,11,11,1,8,4,14,10,5,1,20,10,16,11,"TOEFL",3.7
"1698","3664",19,11,15,2,20,34,35,5,2,3,36,1,37,4,9,4,14,2,2,3,15,17,3,7,15,10,1,1,"TOEFL",3.4
"1699","3666",5,18,8,1,10,3,2,25,14,9,7,29,1,25,10,10,11,14,23,3,1,11,5,3,5,18,8,1,"TOEFL",3.5
"1707","3675",13,28,3,3,13,2,37,1,48,24,1,19,50,2,24,37,9,29,1,19,1,39,5,4,11,17,18,2,"TOEFL",4
"1710","3678",3,24,12,1,12,23,15,1,1,45,1,9,29,6,22,2,1,12,20,6,14,1,21,9,1,2,3,24,"TOEFL",4.2
"1711","3679",11,9,1,1,6,7,22,9,1,2,1,27,23,2,13,14,8,5,5,6,1,14,4,1,2,11,9,1,"TOEFL",3.2
"1718","3685",21,1,27,1,3,26,4,39,2,57,23,3,1,15,32,44,1,50,4,22,3,15,36,3,18,6,25,10,"TOEFL",4.2
"1719","3686",3,23,5,1,6,30,15,3,5,16,1,39,2,25,14,16,3,11,18,13,5,4,16,4,1,3,1,3,"TOEFL",3.7
"1721","3688",3,11,2,6,1,12,21,11,1,19,10,12,3,15,7,12,1,5,5,6,1,6,6,1,1,1,3,11,"TOEFL",3
"1736","3703",9,23,10,13,23,13,5,29,1,24,1,1,35,10,12,13,23,8,4,4,22,2,3,1,9,23,10,13,"TOEFL",4
"1759","3727",23,1,28,5,5,28,3,43,2,61,28,3,1,17,38,45,1,50,4,24,3,17,38,3,23,7,25,10,"TOEFL",5.3
"1762","373",15,22,6,2,37,2,41,32,2,7,47,5,2,23,1,2,10,3,25,2,14,22,3,8,3,8,19,2,"TOEFL",4
"1766","3734",23,16,9,3,20,1,35,28,7,42,24,1,11,2,18,8,17,3,4,7,11,11,4,1,23,16,9,3,"TOEFL",4.2
"1767","3735",22,16,7,2,14,3,30,21,2,2,6,38,3,24,1,13,7,12,2,2,3,9,2,4,2,16,5,4,"TOEFL",3.7
"1776","3746",17,18,7,16,25,22,8,18,1,33,1,10,3,11,4,1,7,18,1,4,6,12,2,1,17,18,7,16,"TOEFL",3.5
"1779","3749",21,16,7,26,3,42,20,4,35,1,37,11,7,16,8,13,6,9,1,15,1,1,21,16,7,26,3,42,"TOEFL",4.2
"1781","3751",17,14,7,15,1,31,15,5,50,1,21,2,12,13,18,10,13,14,5,1,6,3,1,1,17,14,7,15,"TOEFL",4.5
"1782","3752",15,1,15,4,2,11,1,2,38,15,2,7,53,32,1,10,16,15,1,1,8,13,6,1,3,10,7,1,"TOEFL",4
"1786","3756",26,15,13,39,2,40,24,1,8,44,3,15,2,23,3,19,2,6,15,3,5,6,11,6,1,2,26,15,"TOEFL",4.3
"1790","376",12,31,1,1,9,3,24,1,43,33,1,2,10,51,5,24,1,45,15,18,1,2,1,12,21,21,1,3,"TOEFL",4
"1791","3760",18,12,11,11,1,28,23,2,41,1,22,1,13,2,18,1,8,10,4,4,1,14,5,3,18,12,11,11,"TOEFL",3.5
"1793","3764",13,1,16,8,16,35,22,1,2,2,27,2,28,1,12,10,18,1,1,14,18,1,4,3,13,4,1,13,"TOEFL",3.7
"1794","3765",20,13,7,24,1,30,17,2,10,37,1,24,13,4,16,4,15,1,3,4,6,5,2,20,13,7,24,1,"TOEFL",4
"1795","3766",13,12,5,3,26,1,28,25,1,1,4,33,6,17,2,13,2,12,1,1,5,9,3,12,5,11,11,5,"TOEFL",4
"1799","377",1,16,5,19,25,14,18,33,30,2,11,5,9,1,11,29,8,4,12,4,1,3,2,1,16,5,19,25,"TOEFL",3.5
"1800","3770",13,1,14,11,1,10,1,36,15,2,1,8,33,1,37,1,8,9,11,2,15,23,3,7,4,7,6,1,"TOEFL",4.5
"1801","3771",18,20,3,2,39,2,42,39,4,40,9,29,2,1,12,12,15,1,17,1,7,9,6,14,2,1,1,1,"TOEFL",3.8
"1803","3773",10,14,11,1,17,28,16,4,21,40,1,15,3,6,2,7,5,5,7,1,1,3,10,14,11,1,17,28,"TOEFL",3.5
"1812","3782",5,19,14,12,4,21,37,4,25,4,26,1,10,1,9,6,10,5,18,3,5,19,14,12,4,21,37,4,"TOEFL",4
"1816","3786",7,30,11,1,13,44,16,1,1,9,48,1,31,1,26,11,22,1,2,24,39,11,10,1,21,4,1,7,"TOEFL",4
"1817","3787",11,1,28,2,2,5,3,36,1,41,27,1,1,8,69,19,15,6,18,12,15,7,11,4,16,12,2,1,"TOEFL",4.8
"1823","3794",20,23,19,1,25,3,40,40,13,57,7,2,27,1,25,9,17,1,12,22,2,4,4,12,6,1,1,20,"TOEFL",3.8
"1836","3807",4,16,6,13,19,16,1,12,31,6,35,12,16,9,30,1,4,1,12,8,5,1,4,16,6,13,19,16,"TOEFL",4.2
"1839","381",15,18,7,1,11,26,12,2,1,17,29,1,26,2,16,10,12,1,5,21,2,1,6,7,3,1,15,18,"TOEFL",4
"1841","3811",25,23,9,5,28,8,49,28,4,50,16,48,4,23,7,20,1,15,19,3,3,2,29,13,2,2,25,23,"TOEFL",4
"1850","382",10,8,7,3,24,15,5,35,11,17,2,14,1,5,14,2,4,12,2,2,10,8,7,3,24,15,5,35,"TOEFL",3.5
"1851","3820",18,23,10,4,43,2,51,25,2,1,12,62,11,33,1,12,5,12,1,10,19,8,9,5,5,13,4,1,"TOEFL",3.5
"1855","3824",1,1,8,3,29,3,3,12,7,34,1,1,35,36,3,1,1,13,56,5,19,19,11,17,1,1,3,11,"TOEFL",4.6
"1858","3827",50,35,1,1,17,1,47,2,80,67,1,15,107,1,39,3,32,6,54,1,3,17,32,5,9,16,20,24,"TOEFL",5.5
"1865","3836",21,3,29,1,4,22,2,32,1,2,53,19,4,5,9,58,1,46,2,15,5,21,1,1,2,2,11,28,"TOEFL",4.5
"1869","3840",5,11,3,6,1,13,7,6,14,18,1,14,4,15,3,6,13,8,5,3,8,3,2,2,5,11,3,6,"TOEFL",3
"1872","3843",20,22,12,4,39,1,47,32,2,3,8,63,5,27,2,16,11,19,2,2,12,22,2,9,7,13,18,3,"TOEFL",3.7
"1877","385",10,19,1,1,10,1,15,4,35,17,1,15,38,4,12,2,22,4,19,5,1,7,28,2,4,14,6,2,"TOEFL",3.5
"1883","3855",3,18,1,1,11,2,15,23,14,2,5,34,3,34,5,16,11,7,8,15,10,2,8,15,1,3,3,18,"TOEFL",3.2
"1884","3856",2,15,10,17,24,8,5,31,34,3,10,4,11,1,6,13,3,7,2,8,5,1,2,15,10,17,24,8,"TOEFL",3.7
"1886","3860",22,3,28,2,5,16,6,46,3,45,50,1,22,47,37,2,37,11,34,1,1,3,27,46,5,7,6,20,"TOEFL",4
"1887","3861",37,1,29,1,1,14,1,39,3,1,74,46,1,2,19,65,7,72,2,19,10,34,4,1,14,30,7,9,"TOEFL",3.7
"1888","3862",10,21,11,17,22,15,1,4,32,23,1,35,8,12,13,22,4,7,3,25,4,3,10,21,11,17,22,15,"TOEFL",4.2
"1889","3863",23,3,26,2,18,3,32,4,55,31,8,1,9,50,2,39,3,28,10,44,1,1,13,20,5,6,9,27,"TOEFL",4.5
"1898","3871",1,34,6,36,5,7,25,7,61,2,60,39,2,2,18,77,3,25,70,11,60,3,8,19,44,30,13,13,"TOEFL",4.9
"1900","3873",7,32,9,1,15,46,16,2,1,9,44,1,34,1,27,10,24,1,3,23,39,10,10,1,24,4,1,3,"TOEFL",3.8
"1901","3874",5,10,5,7,1,16,3,1,2,13,25,8,2,6,9,14,15,1,5,10,5,7,1,16,3,1,2,13,"TOEFL",3.2
"1902","3875",5,17,6,14,20,17,1,12,34,6,36,12,17,9,31,1,4,1,14,8,5,2,5,17,6,14,20,17,"TOEFL",4.4
"1914","3888",14,19,7,1,12,1,34,21,1,6,61,8,30,1,9,8,19,1,13,18,6,4,6,13,6,2,2,1,"TOEFL",4.3
"1917","3890",42,1,23,3,4,18,4,64,87,40,3,1,6,95,39,2,4,15,4,34,2,1,17,26,11,8,24,23,"TOEFL",2.8
"1919","3892",7,1,14,1,1,17,35,3,40,24,1,3,13,54,3,21,2,15,2,18,1,1,12,26,2,3,5,14,"TOEFL",4.5
"1923","3898",1,1,23,2,20,10,1,23,35,40,1,5,51,1,30,1,8,3,30,11,21,9,4,11,12,4,1,1,"TOEFL",3.5
"1931","3908",1,1,9,16,2,1,20,2,17,37,35,2,1,4,44,33,1,17,5,20,2,2,7,10,2,4,18,9,"TOEFL",3
"1935","3912",13,12,2,2,9,1,13,2,24,21,7,35,1,24,1,2,15,3,19,1,1,1,7,14,6,8,7,14,"TOEFL",4.2
"1936","3913",27,29,17,10,43,3,41,23,1,3,76,2,31,3,14,8,32,2,1,1,15,13,26,3,12,12,7,6,"TOEFL",4.5
"1941","392",15,22,2,2,3,4,21,1,31,15,8,2,4,31,3,23,6,16,2,17,2,1,6,9,2,5,21,9,"TOEFL",4
"1950","3928",25,22,1,1,13,5,36,2,80,50,1,2,77,8,56,1,8,3,22,1,12,14,10,6,11,17,9,2,"TOEFL",4
"1952","3930",23,2,20,10,6,42,53,23,1,1,7,57,26,4,17,8,21,1,6,14,11,17,7,5,8,1,3,23,"TOEFL",3.5
"1954","3932",3,3,39,31,1,1,12,2,66,1,92,69,3,6,2,117,7,37,4,12,3,39,2,1,9,10,12,6,"TOEFL",3.7
"1957","3935",16,1,14,9,12,2,34,20,1,7,38,1,40,1,10,6,14,1,14,21,6,5,2,6,6,3,16,1,"TOEFL",4
"1962","394",2,2,18,3,21,6,2,36,2,37,26,1,2,11,38,4,38,6,3,18,1,1,11,22,9,6,5,5,"TOEFL",3
"1963","3940",13,2,15,12,2,11,2,35,35,3,42,36,1,8,8,22,3,12,13,5,11,11,8,1,13,2,15,12,"TOEFL",3.5
"1969","3948",12,2,16,6,1,18,40,27,2,5,27,3,47,2,6,7,13,15,19,7,4,6,6,11,3,1,1,12,"TOEFL",4.3
"1974","3952",37,23,15,7,45,1,84,58,1,1,8,70,1,60,1,7,8,33,1,1,1,6,15,2,4,18,18,27,"TOEFL",5
"1981","396",5,21,1,11,1,17,1,21,19,2,5,33,1,32,6,1,12,1,1,8,9,2,3,6,11,1,5,21,"TOEFL",3.5
"1985","3965",18,2,16,10,4,16,1,30,24,1,1,35,33,2,13,11,13,4,10,15,5,12,14,6,1,18,2,16,"TOEFL",4.7
"1986","3967",19,22,16,2,38,1,37,34,3,1,8,57,28,2,16,5,28,18,21,17,2,12,13,3,1,2,19,22,"TOEFL",4
"1995","402",13,13,2,14,20,1,28,21,1,1,7,20,13,2,20,23,10,9,10,16,4,4,5,17,8,2,3,13,"TOEFL",3.5
"1997","404",9,19,1,1,10,1,22,3,37,20,1,1,15,37,4,13,2,22,3,17,3,1,8,28,2,4,12,7,"TOEFL",4
"2008","4086",32,1,30,3,4,23,1,42,74,39,4,1,7,87,7,44,1,4,19,6,38,4,1,1,18,28,9,10,"TOEFL",3.3
"2012","4091",14,1,15,12,20,1,34,35,2,5,39,3,31,4,7,11,5,11,5,1,3,13,3,1,14,1,15,12,"TOEFL",4.7
"2016","4096",21,22,1,1,12,1,41,3,68,53,1,11,63,7,63,8,3,30,3,1,10,17,1,2,10,8,18,5,"TOEFL",3.7
"2038","4117",17,18,12,26,1,28,28,15,33,35,1,21,2,20,5,19,4,16,8,2,6,17,18,12,26,1,28,28,"TOEFL",4.2
"2039","4118",11,15,15,21,38,22,2,1,9,52,17,17,6,18,1,5,15,3,2,4,5,12,3,11,15,15,21,38,"TOEFL",3.5
"2042","4120",12,1,13,9,33,2,39,21,2,2,47,2,15,8,4,12,3,6,11,8,10,1,5,7,1,12,1,13,"TOEFL",4.6
"2047","4125",1,1,16,22,6,13,1,33,39,4,37,10,3,46,15,2,13,12,16,2,1,24,3,1,2,1,1,1,"TOEFL",3.5
"2052","413",12,22,1,1,4,3,19,24,17,1,8,28,1,21,8,3,27,1,2,7,16,9,3,5,5,9,1,2,"TOEFL",4
"2055","414",16,21,2,2,4,2,24,1,29,15,9,2,4,32,3,24,5,16,3,16,2,1,6,9,1,1,6,23,"TOEFL",4.5
"2061","420",11,17,11,3,26,2,31,12,6,3,7,44,8,1,24,2,13,1,10,1,1,6,19,7,1,2,11,8,"TOEFL",4
"2066","428",11,19,2,2,7,4,30,3,25,12,1,8,34,9,1,16,3,10,2,15,1,5,17,8,1,2,8,10,"TOEFL",2.5
"2067","429",12,26,13,5,30,1,33,21,2,4,14,74,14,24,4,18,21,38,7,6,19,10,4,3,12,26,13,5,"TOEFL",3.5
"2068","431",4,20,7,1,17,2,25,28,4,30,8,31,10,15,1,5,10,1,12,5,16,12,2,2,2,4,20,7,"TOEFL",3
"2070","434",12,22,1,1,5,3,16,27,21,2,9,32,1,23,9,3,25,2,1,7,17,6,6,8,7,8,1,2,"TOEFL",4.5
"2071","435",2,2,20,5,21,9,2,56,1,52,25,2,14,45,7,53,3,1,20,1,9,24,6,6,4,7,8,1,"TOEFL",4
"2073","439",12,18,1,1,10,1,25,3,42,19,2,1,17,43,3,14,2,22,3,17,2,1,8,30,3,4,11,7,"TOEFL",5
"2076","442",14,18,4,7,2,18,2,32,16,2,1,8,38,3,16,1,25,9,21,1,5,14,9,10,17,8,2,4,"TOEFL",3.5
"2077","443",12,18,4,22,1,26,10,1,10,37,1,16,1,18,4,13,2,5,14,1,6,1,7,7,1,12,18,4,"TOEFL",4
"2078","444",8,19,5,27,2,20,32,5,40,15,3,7,8,14,9,10,1,2,6,4,14,2,8,19,5,27,2,20,"TOEFL",3
"2083","449",5,9,1,1,4,12,1,1,20,18,7,19,3,1,15,11,2,6,1,1,1,8,2,5,3,6,3,3,"TOEFL",2.5
"2087","452",12,29,3,1,21,3,35,45,21,1,9,51,2,25,51,16,20,15,24,28,2,4,13,8,1,3,12,29,"TOEFL",3.5
"2089","455",15,16,11,27,27,18,1,7,55,13,15,1,12,2,1,1,15,26,3,5,9,4,15,16,11,27,27,18,"TOEFL",3.5
"2090","456",10,19,7,6,15,1,4,26,74,1,4,3,36,28,5,7,6,4,8,13,5,3,4,7,5,1,10,19,"TOEFL",0
"2092","458",12,17,13,25,1,28,21,1,1,11,48,1,19,13,5,11,1,8,21,4,3,2,11,5,1,12,17,13,"TOEFL",3.5
"2095","460",18,15,2,15,3,15,1,40,18,1,2,7,61,4,28,10,6,13,1,1,1,13,17,11,1,6,3,10,"TOEFL",4
"2099","465",30,2,33,2,2,15,4,108,2,2,105,67,4,3,19,116,11,1,63,2,6,20,8,37,3,4,27,38,"TOEFL",4
"2100","466",28,21,3,3,12,2,46,3,49,21,1,6,57,1,24,2,27,5,28,1,1,6,13,3,7,12,19,14,"TOEFL",3
"2104","473",10,22,13,28,76,28,1,8,75,30,2,34,19,21,2,1,12,26,22,12,5,10,6,4,2,10,22,13,"TOEFL",4
"2108","477",8,19,5,1,34,1,32,32,1,5,49,10,3,7,11,13,1,3,8,5,7,5,14,1,1,8,19,5,"TOEFL",4
"2109","478",14,25,11,18,32,2,1,36,52,2,1,17,58,1,30,3,13,8,11,1,7,23,1,2,3,11,2,2,"TOEFL",4.5
"2113","482",1,15,28,13,38,79,33,4,9,85,41,1,31,25,31,2,11,24,24,12,8,12,11,8,2,1,15,28,"TOEFL",5
"2116","485",10,24,1,1,6,3,16,2,30,14,6,31,9,5,30,6,34,8,17,10,2,11,10,2,10,24,1,1,"TOEFL",4
"2124","492",35,4,33,3,1,1,21,2,87,96,61,1,1,7,105,8,34,4,41,7,43,2,1,23,23,12,13,16,"TOEFL",3
"2126","494",1,1,24,21,2,2,5,4,52,59,32,2,1,8,81,8,21,2,15,1,18,3,3,12,1,19,4,7,"TOEFL",4.5
"2128","497",11,1,21,10,2,18,1,24,19,2,12,53,17,2,10,2,16,2,6,20,1,6,3,13,1,11,1,21,"TOEFL",4
"2134","503",12,21,20,6,36,57,43,2,2,8,85,2,16,3,17,8,12,1,7,13,15,4,2,3,9,2,3,12,"TOEFL",3
"2135","504",11,22,18,1,17,2,39,19,2,4,62,3,9,15,4,16,8,1,12,24,1,9,2,15,13,1,1,11,"TOEFL",4.5
"2140","509",10,18,10,1,21,36,15,3,4,9,49,3,38,1,23,5,17,1,13,28,3,8,1,25,3,2,4,6,"TOEFL",3
"2142","511",2,2,30,4,26,1,1,19,3,56,3,57,31,2,10,100,3,25,11,15,11,20,4,6,18,9,4,11,"TOEFL",4
"2146","516",37,2,48,1,23,3,76,1,116,50,6,12,119,1,53,1,3,47,13,45,4,4,33,46,17,18,22,33,"TOEFL",3.5
"2147","517",31,2,25,8,1,29,56,71,1,7,70,3,31,17,8,30,2,1,1,21,30,1,6,6,12,21,3,2,"TOEFL",5
"2149","519",12,20,18,7,36,55,39,4,2,9,83,2,18,4,13,11,12,1,2,9,16,15,5,2,2,9,1,2,"TOEFL",5
"2156","526",15,14,12,2,24,1,26,26,3,2,9,60,2,24,3,9,9,14,1,1,11,21,1,2,2,8,5,1,"TOEFL",3.5
"2158","528",10,19,14,2,27,30,33,1,1,10,58,2,1,13,3,17,6,17,3,1,2,12,28,2,7,10,11,2,"TOEFL",4.5
"2159","529",13,28,1,1,15,7,35,4,6,41,23,2,11,59,13,16,1,18,2,27,1,21,31,6,10,3,16,11,"TOEFL",3
"2162","532",10,20,20,40,1,51,26,2,2,3,84,3,16,31,3,19,4,1,13,29,1,7,1,18,9,2,4,10,"TOEFL",3.5
"2163","533",6,18,13,1,15,33,31,1,5,7,31,17,29,10,17,7,10,14,19,1,5,2,1,2,2,6,18,13,"TOEFL",3.5
"2164","534",18,1,29,1,1,24,5,49,4,53,19,1,16,92,2,20,38,8,29,1,22,40,2,5,1,24,11,3,"TOEFL",3
"2166","536",12,18,4,23,1,27,10,1,10,38,1,17,1,18,4,13,2,5,15,1,6,1,9,6,1,12,18,4,"TOEFL",4.5
"2168","538",6,16,19,20,36,31,4,2,14,37,33,1,17,9,12,2,1,12,27,4,8,4,22,4,4,1,6,16,"TOEFL",4
"2176","545",8,18,8,1,18,26,28,1,19,31,13,1,33,9,13,1,19,40,3,7,2,10,3,2,1,6,8,18,"TOEFL",4.5
"2185","554",15,23,1,1,18,4,48,2,50,34,3,6,46,4,38,1,2,17,7,25,1,1,14,26,22,5,8,5,"TOEFL",4
"2186","556",12,19,10,9,26,1,27,14,2,1,14,48,19,5,13,20,3,13,27,8,4,6,5,7,5,2,3,12,"TOEFL",4.5
"2187","557",11,13,1,1,7,19,2,20,22,1,2,13,40,14,7,2,14,1,1,11,24,4,2,8,8,3,1,2,"TOEFL",4
"2188","559",9,17,8,1,24,2,46,30,1,10,50,21,2,11,7,10,4,1,1,1,13,7,5,3,7,7,3,1,"TOEFL",2.5
"2193","564",22,19,13,2,25,51,49,10,64,12,24,1,7,4,17,14,24,3,6,11,12,8,2,1,22,19,13,2,"TOEFL",4.5
"2195","566",11,20,1,1,8,3,17,2,32,16,6,32,9,5,30,6,31,10,19,11,2,9,10,1,2,11,20,1,"TOEFL",4.5
"2196","567",21,1,20,20,2,42,42,38,9,78,4,34,7,5,14,24,1,1,18,16,1,3,3,4,20,3,4,21,"TOEFL",5
"2204","574",11,17,7,1,30,2,32,22,1,9,34,1,25,15,1,17,1,1,7,15,2,3,2,9,3,1,1,2,"TOEFL",4.5
"2209","579",9,19,5,1,27,2,43,25,3,2,10,50,22,2,11,6,9,3,1,1,3,14,4,6,8,8,8,1,"TOEFL",4
"2211","580",6,19,8,3,18,1,40,21,2,4,32,16,23,9,11,1,3,7,10,5,5,10,4,2,3,6,19,8,"TOEFL",2.5
"2213","582",18,1,15,7,31,1,43,33,3,1,8,72,5,19,3,6,17,9,10,15,7,2,5,12,2,1,1,18,"TOEFL",4
"2218","587",17,15,6,6,10,2,32,40,32,1,8,59,9,36,2,5,15,1,1,11,15,5,7,5,4,8,1,1,"TOEFL",4
"2230","599",2,2,30,1,42,4,1,4,21,6,75,3,113,68,5,1,13,119,14,46,44,5,33,1,2,20,31,21,"TOEFL",4.5
"2232","602",20,20,1,1,3,1,45,5,44,47,5,63,14,27,5,5,14,2,17,19,7,5,8,15,11,13,3,20,"TOEFL",4.5
"2241","611",11,19,4,3,21,2,28,29,3,4,30,20,19,1,16,2,1,13,17,3,9,3,9,18,3,1,3,11,"TOEFL",4
"2242","612",9,15,16,3,16,41,16,1,7,48,14,17,17,14,1,8,16,7,8,3,4,5,1,1,9,15,16,3,"TOEFL",5
"2244","614",22,18,5,57,2,60,44,1,14,89,18,4,11,17,1,2,15,28,8,7,5,20,5,22,18,5,57,2,"TOEFL",4.5
"2251","621",1,1,10,27,2,2,10,28,1,1,33,104,1,14,51,2,42,1,15,1,19,3,1,9,24,5,8,12,"TOEFL",2.5
"2260","630",4,4,17,21,8,13,42,1,53,48,3,3,7,70,49,4,5,1,21,1,1,2,14,15,6,5,7,7,"TOEFL",3.5
"2262","632",13,17,8,1,19,1,32,21,8,1,6,37,1,20,1,17,7,20,5,12,18,5,12,2,10,8,3,13,"TOEFL",4.5
"2263","633",8,16,10,2,29,30,35,4,17,45,1,22,1,10,8,11,1,6,23,3,3,10,9,1,1,8,16,10,"TOEFL",4.5
"2271","641",23,4,31,2,1,2,11,7,64,4,102,58,9,100,5,51,1,3,27,8,35,1,12,21,10,14,10,24,"TOEFL",3.5
"2274","644",10,1,19,23,3,24,27,23,5,43,8,1,38,6,13,5,12,1,1,8,13,9,5,2,21,3,1,2,"TOEFL",4.5
"2279","649",16,17,1,1,4,20,2,25,15,1,1,13,33,2,1,9,1,21,2,20,1,1,3,10,25,1,6,6,"TOEFL",4
"2282","653",22,17,3,3,11,3,60,56,32,2,17,86,9,1,2,5,5,12,1,1,10,28,3,7,15,2,12,3,"TOEFL",3
"2283","654",16,17,7,1,12,1,36,16,1,4,16,46,3,28,2,1,20,6,19,1,1,17,34,7,5,1,8,4,"TOEFL",4
"2284","655",10,17,19,1,18,29,33,1,4,50,7,20,1,4,17,5,17,13,19,3,5,4,18,9,5,10,17,19,"TOEFL",3.5
"2286","657",11,13,6,1,14,2,29,14,3,10,26,13,21,4,17,2,5,16,9,6,10,3,2,1,11,13,6,1,"TOEFL",4
"2287","658",9,22,13,25,44,14,9,9,57,17,1,16,19,10,1,16,25,10,4,13,3,2,1,9,22,13,25,44,"TOEFL",4.5
"2291","662",16,2,25,10,38,41,34,1,9,72,1,36,2,4,13,2,18,1,1,14,27,1,3,12,14,30,2,6,"TOEFL",3.5
"2294","665",19,18,12,3,40,1,36,34,3,1,8,69,5,14,1,11,3,16,3,8,12,3,9,4,7,14,1,1,"TOEFL",5.5
"2296","667",10,21,6,28,1,21,24,12,48,2,11,4,8,12,8,21,2,5,3,6,1,1,1,10,21,6,28,1,"TOEFL",4
"2313","686",4,4,23,21,12,22,58,75,47,2,4,6,93,1,45,1,7,1,22,1,1,11,16,4,5,14,7,31,"TOEFL",5.5
"2314","687",11,19,8,28,4,29,22,4,1,15,39,23,1,9,4,18,3,7,21,2,10,8,4,6,11,19,8,28,"TOEFL",4
"2322","697",12,18,7,1,31,46,35,1,5,37,32,4,16,16,14,9,13,3,5,7,16,5,1,1,12,18,7,1,"TOEFL",4.5
"2328","704",24,27,2,2,15,3,47,51,48,1,16,86,3,19,2,14,11,25,3,12,25,6,6,13,5,17,1,2,"TOEFL",5.5
"2331","707",26,1,25,7,1,64,1,1,58,61,16,55,7,50,1,6,16,3,17,2,5,1,16,35,1,7,13,16,"TOEFL",4
"2332","708",11,18,10,1,25,1,37,14,4,37,2,21,22,5,14,8,12,2,3,10,15,1,2,3,11,18,10,1,"TOEFL",4
"2333","709",7,12,8,3,19,1,32,9,6,41,14,1,16,4,25,1,1,6,12,5,13,8,6,11,1,1,4,7,"TOEFL",4.5
"2346","725",22,1,23,11,27,2,65,38,2,12,98,1,39,2,6,6,21,4,20,32,1,7,13,8,13,2,1,22,"TOEFL",3.5
"2347","726",9,13,17,1,27,35,21,9,52,2,21,1,2,13,7,7,3,7,16,2,1,4,6,1,9,13,17,1,"TOEFL",4
"2348","727",19,2,20,1,1,12,7,39,51,28,2,9,80,14,31,4,9,8,22,1,1,10,20,6,7,12,5,20,"TOEFL",3.5
"2356","736",29,1,36,2,1,2,14,6,63,2,97,49,2,2,18,89,41,6,40,18,56,2,1,13,32,17,12,21,"TOEFL",4
"2363","743",22,1,21,1,1,11,2,50,1,55,47,1,7,89,3,21,5,9,4,29,3,2,1,15,18,3,8,13,"TOEFL",4.5
"2374","754",6,14,21,2,28,1,30,26,2,1,6,38,22,34,12,15,14,20,9,5,7,21,6,2,8,4,6,14,"TOEFL",4
"2375","755",14,1,16,1,1,17,3,47,54,49,11,88,1,23,1,6,4,11,1,10,14,3,1,2,4,13,1,1,"TOEFL",5.5
"2378","758",14,17,4,2,21,1,30,15,5,1,7,23,2,21,22,2,14,1,10,17,3,5,2,13,9,2,2,4,"TOEFL",3.5
"2381","760",26,3,39,1,1,1,9,6,57,1,81,43,1,1,14,114,5,47,3,26,7,47,15,26,7,13,12,24,"TOEFL",4
"2385","764",12,25,11,30,49,21,11,9,64,1,23,1,18,21,16,2,20,30,9,4,18,5,1,3,1,12,25,11,"TOEFL",4.5
"2386","765",12,18,7,2,34,47,35,1,7,38,1,36,5,15,15,16,11,16,2,6,7,14,6,1,1,12,18,7,"TOEFL",5
"2388","767",9,11,8,19,1,31,25,3,1,15,29,1,43,2,2,8,3,16,1,4,13,29,3,4,1,12,1,1,"TOEFL",5.5
"2393","772",15,2,22,9,2,28,2,50,23,3,7,50,6,13,1,2,24,2,20,5,1,6,17,18,8,15,7,15,"TOEFL",5
"2394","773",15,13,10,23,23,13,2,10,37,1,14,11,8,17,6,1,3,12,22,8,5,6,8,2,6,15,13,10,"TOEFL",4.5
"2398","777",20,1,35,3,1,3,6,5,57,4,75,21,5,19,105,4,38,1,4,16,7,33,10,29,7,10,13,11,"TOEFL",4.5
"2403","783",11,18,11,23,52,29,1,11,47,1,29,2,19,10,8,1,8,18,1,1,4,8,3,2,1,11,18,11,"TOEFL",4
"2408","790",1,1,24,1,28,1,1,6,7,77,1,5,87,58,1,12,124,11,33,3,1,6,34,13,23,6,7,17,"TOEFL",5
"2410","792",21,26,1,1,13,17,55,2,63,48,4,1,15,90,32,8,24,1,1,7,6,29,3,1,6,22,4,2,"TOEFL",5
"2415","797",31,29,3,1,3,15,5,61,3,89,57,6,11,91,14,50,22,1,24,2,1,17,23,19,6,15,8,12,"TOEFL",3.5
"2416","798",7,15,8,20,31,12,3,35,1,17,17,4,10,6,11,2,4,8,13,3,2,7,15,8,20,31,12,3,"TOEFL",5
"2417","799",12,19,1,19,1,28,14,2,1,5,38,7,1,19,23,10,16,4,2,12,14,1,1,2,12,19,1,19,"TOEFL",3.5
"2419","800",12,19,6,1,21,2,28,29,10,23,3,44,3,10,9,18,11,15,1,1,3,14,5,3,3,12,19,6,"TOEFL",3.5
"2424","805",16,1,16,11,3,27,1,41,20,1,9,38,34,1,13,2,20,7,4,13,3,6,4,14,9,2,2,3,"TOEFL",4
"2429","813",16,21,12,1,32,63,40,1,15,55,1,48,2,22,14,11,1,17,24,7,4,8,4,2,2,16,21,12,"TOEFL",5
"2432","816",12,15,10,1,27,1,23,26,1,8,48,24,3,3,1,10,2,1,11,18,4,1,1,8,6,1,2,12,"TOEFL",4
"2433","817",25,18,10,27,2,1,44,29,2,4,66,17,2,21,7,14,1,1,10,16,2,3,3,13,20,2,2,25,"TOEFL",3
"2436","820",24,17,13,3,12,2,46,26,1,2,13,63,6,14,1,14,4,12,1,10,24,10,3,9,4,8,2,1,"TOEFL",3
"2439","825",17,11,6,2,28,1,42,23,4,1,7,39,6,19,7,4,19,1,1,11,18,4,5,6,13,2,1,1,"TOEFL",3.5
"2440","826",31,26,15,29,4,49,25,4,13,36,66,1,19,10,34,2,1,9,22,1,12,1,24,9,3,4,31,26,"TOEFL",5
"2441","827",10,19,17,3,23,2,30,15,5,1,8,50,3,17,1,14,4,11,6,10,19,8,8,3,9,9,5,2,"TOEFL",4.5
"2442","828",12,13,11,18,32,26,3,10,29,20,3,22,4,21,2,1,8,19,14,5,15,13,2,5,12,13,11,18,"TOEFL",4
"2446","831",13,25,13,1,48,59,18,5,2,11,82,32,5,16,13,22,1,2,13,27,21,6,2,11,2,4,6,13,"TOEFL",3.5
"2447","833",13,25,14,1,54,69,19,5,2,16,91,32,7,19,15,22,2,2,15,28,21,6,1,9,4,5,7,13,"TOEFL",4.5
"2448","834",9,15,12,6,24,20,14,8,39,1,16,2,4,9,15,23,1,17,1,3,10,1,5,9,15,12,6,24,"TOEFL",4.5
"2450","836",17,20,8,37,74,59,8,93,3,20,5,7,13,4,1,5,12,3,9,10,3,16,1,17,20,8,37,74,"TOEFL",3.5
"2451","837",13,3,21,12,1,25,1,37,20,4,38,3,27,2,18,27,4,9,18,6,11,12,14,11,5,1,13,3,"TOEFL",3
"2452","838",18,21,12,39,71,61,8,90,6,30,4,4,11,2,1,8,16,3,9,8,3,15,2,18,21,12,39,71,"TOEFL",4.5
"2453","839",16,21,20,3,23,1,56,40,4,9,86,11,30,8,15,18,5,19,24,4,5,8,20,3,6,16,21,20,"TOEFL",3.5
"2455","840",11,14,16,1,9,17,18,2,2,9,30,1,13,2,24,3,23,3,1,14,19,2,8,2,10,7,1,3,"TOEFL",4.5
"2456","841",14,16,5,16,27,10,2,1,8,25,13,2,21,3,26,2,1,8,17,2,10,10,5,2,1,14,16,5,"TOEFL",3.5
"2457","844",17,17,12,1,24,2,33,17,2,1,14,35,1,14,27,7,17,2,2,12,25,1,8,5,10,10,1,2,"TOEFL",3
"2458","845",13,13,23,13,1,24,31,4,5,26,3,27,19,5,10,5,1,6,13,12,3,17,9,3,2,13,13,23,"TOEFL",4.5
"2459","846",13,18,7,17,4,36,27,3,4,37,24,16,3,15,3,1,1,10,16,3,13,4,12,15,2,1,3,13,"TOEFL",3
"2460","847",1,1,23,22,1,13,3,36,50,42,3,1,8,67,2,31,1,12,8,13,2,1,19,25,2,8,13,13,"TOEFL",3.5
"2461","848",11,23,12,27,61,41,3,9,95,29,13,5,18,4,4,1,20,30,2,6,6,13,9,1,2,1,11,23,"TOEFL",4
"2462","849",14,19,1,1,10,2,21,4,30,16,2,13,22,1,24,1,1,22,2,28,2,3,10,23,3,13,2,8,"TOEFL",3
"2464","850",12,22,17,3,27,63,44,2,10,83,12,39,8,17,18,3,24,23,5,3,7,21,3,4,12,22,17,3,"TOEFL",5
"2465","851",26,19,17,2,35,55,25,1,15,86,14,26,13,3,18,29,9,9,11,1,2,2,26,19,17,2,35,55,"TOEFL",3
"2469","856",13,22,8,1,17,52,37,4,10,74,6,21,14,16,19,4,2,16,25,7,8,10,14,2,13,22,8,1,"TOEFL",3.5
"2470","857",18,33,14,5,17,68,45,2,18,65,16,44,50,26,27,4,5,16,36,20,14,6,14,9,2,5,5,18,"TOEFL",3
"2471","858",1,1,16,15,8,1,21,51,27,1,9,51,10,12,30,6,17,1,1,11,20,4,2,2,17,14,2,1,"TOEFL",3
"2472","859",11,19,5,1,10,19,16,1,5,28,2,18,3,16,5,13,5,9,6,5,2,8,4,1,1,2,11,19,"TOEFL",3
"2481","869",9,12,8,8,5,13,3,23,14,3,35,1,4,15,2,8,6,1,10,7,1,1,7,12,1,9,12,8,"TOEFL",3
"2482","870",17,25,15,5,15,66,40,2,15,53,13,35,44,23,29,4,4,14,29,28,11,4,10,5,2,4,5,17,"TOEFL",4
"2483","871",14,21,9,1,10,50,31,3,6,42,4,49,2,21,13,11,6,1,1,12,23,6,17,6,20,5,1,2,"TOEFL",3
"2485","873",3,3,25,1,44,2,7,5,28,49,28,1,2,13,61,23,3,23,56,21,42,5,15,26,39,2,5,12,"TOEFL",3.5
"2486","875",17,23,10,13,53,37,4,4,46,44,1,29,9,17,5,12,17,7,21,6,22,12,2,2,17,23,10,13,"TOEFL",4
"2487","876",18,23,18,31,46,25,2,15,65,26,35,14,23,2,16,35,5,3,19,7,1,1,18,23,18,31,46,25,"TOEFL",3.5
"2493","881",14,11,8,1,23,3,30,19,1,5,45,1,15,14,3,8,1,1,2,6,2,1,12,12,2,5,14,11,"TOEFL",3
"2494","882",19,21,12,2,15,34,16,2,1,6,58,2,32,2,16,5,23,1,21,30,6,2,2,22,3,3,2,2,"TOEFL",3.5
"2495","884",17,21,20,33,42,26,1,17,67,1,21,31,18,24,3,18,33,3,8,2,18,4,1,1,17,21,20,33,"TOEFL",4
"2496","885",18,24,20,2,39,1,45,27,1,19,81,19,2,35,12,24,3,21,36,6,14,2,11,7,1,1,18,24,"TOEFL",4.5
"2497","886",23,19,7,30,25,18,1,13,69,1,5,1,6,9,19,1,12,31,2,10,4,8,8,3,2,23,19,7,"TOEFL",3
"2499","888",16,20,8,28,52,52,5,64,16,44,2,2,10,1,7,3,1,12,15,1,6,2,8,19,2,16,20,8,"TOEFL",3
"2501","890",14,17,6,1,24,2,34,23,1,8,53,1,12,1,23,3,15,1,10,22,5,5,4,13,7,1,1,2,"TOEFL",4
"2502","891",14,20,12,2,27,45,44,1,3,44,15,49,1,2,8,2,7,2,16,18,4,1,9,19,1,14,20,12,"TOEFL",4
"2503","892",19,1,12,4,6,30,1,44,26,3,5,41,5,32,6,2,12,10,1,3,2,6,2,7,4,10,5,1,"TOEFL",3.5
"2504","893",13,21,13,2,33,47,39,1,5,49,15,51,1,2,9,11,1,15,17,8,1,4,23,1,13,21,13,2,"TOEFL",4.5
"2505","894",11,17,5,47,1,44,17,3,1,13,63,19,11,4,13,13,29,3,2,4,6,8,1,1,1,11,17,5,"TOEFL",3.5
"2507","898",12,20,6,16,2,12,20,3,37,2,1,13,1,13,1,8,1,7,14,6,1,12,20,6,16,2,12,20,"TOEFL",2.5
"2511","903",21,2,23,10,29,2,32,22,11,57,1,1,21,21,7,17,1,5,17,6,3,14,15,1,1,21,2,23,"TOEFL",3.5
"2512","904",40,3,47,2,2,31,3,87,3,110,71,1,2,8,157,3,1,69,2,3,48,15,40,4,1,22,31,30,"TOEFL",5.5
"2513","905",23,1,22,11,3,12,28,33,3,14,42,1,20,3,17,5,18,2,9,23,2,8,2,5,8,1,1,23,"TOEFL",4.5
"2517","909",16,1,17,13,52,1,37,25,3,1,13,55,13,2,1,9,2,16,1,8,22,3,10,3,10,7,5,16,"TOEFL",4.5
"2519","910",18,17,4,4,26,3,31,28,5,46,1,9,1,5,11,5,16,1,3,10,15,12,5,6,5,4,1,1,"TOEFL",4
"2520","911",13,25,15,2,34,53,47,1,1,1,48,1,74,2,8,13,17,2,1,16,21,1,7,5,24,8,1,13,"TOEFL",4
"2521","912",17,25,13,1,13,39,29,2,1,13,79,33,2,18,13,12,2,1,8,25,1,14,5,21,9,2,2,1,"TOEFL",4.5
"2523","914",28,2,32,8,37,1,50,32,1,19,68,1,39,1,14,8,15,1,6,25,11,4,14,9,1,1,28,2,"TOEFL",5
"2524","915",1,1,15,1,18,11,1,31,47,23,5,12,43,2,27,1,25,5,9,1,8,13,28,7,3,4,10,7,"TOEFL",4.5
"2527","918",7,1,14,7,1,25,15,14,3,1,9,31,7,9,1,25,6,1,9,19,3,15,9,6,14,3,2,7,"TOEFL",3.5
"2528","919",17,21,1,1,7,49,1,44,37,2,2,50,34,22,2,12,2,8,1,5,8,28,7,3,12,5,2,6,"TOEFL",4.5
"2530","920",15,22,14,2,30,54,37,2,1,2,40,69,3,12,11,17,3,1,18,19,1,11,6,27,7,1,1,15,"TOEFL",4.5
"2533","923",4,10,8,28,1,22,33,14,3,23,29,5,2,11,2,15,17,1,4,4,13,4,2,2,4,10,8,28,"TOEFL",3.5
"2534","924",1,1,19,1,25,13,36,51,26,7,14,57,2,34,1,29,7,13,1,8,1,16,32,10,5,5,10,12,"TOEFL",5
"2535","925",15,18,3,26,1,32,18,1,8,60,1,14,3,14,3,15,2,1,5,12,3,3,3,12,9,4,1,1,"TOEFL",4.5
"2536","926",26,28,10,5,22,2,1,38,27,3,22,50,1,23,5,28,5,18,1,2,6,28,1,4,11,8,1,1,"TOEFL",4.5
"2537","928",7,1,10,6,1,28,41,23,3,7,37,16,1,14,3,19,3,11,18,4,15,2,5,9,2,7,1,10,"TOEFL",4.5
"2539","931",24,22,13,3,12,49,24,2,3,5,66,3,8,47,18,22,3,1,7,12,47,14,7,5,3,4,24,22,"TOEFL",4.5
"2540","933",1,1,13,13,6,14,17,26,25,5,36,1,12,4,5,14,2,1,9,16,1,2,2,9,10,1,1,1,"TOEFL",2.5
"2541","934",17,10,1,1,3,6,18,4,41,22,1,3,52,9,7,6,2,6,17,6,12,1,6,2,9,6,1,17,"TOEFL",2.5
"2544","937",15,1,16,9,32,49,22,2,8,54,22,26,4,14,1,2,9,17,5,9,11,10,2,2,5,15,1,16,"TOEFL",4.5
"2545","938",3,3,10,10,20,31,26,2,4,36,6,36,1,10,21,1,1,1,10,13,4,11,5,12,14,4,1,3,"TOEFL",4
"2546","939",4,1,11,14,4,25,1,35,32,8,35,1,23,3,5,16,1,2,9,2,4,4,9,10,2,1,4,1,"TOEFL",5
"2547","940",12,1,10,1,1,4,4,30,30,14,6,47,9,21,1,5,2,4,1,11,17,3,6,1,3,1,12,1,"TOEFL",2.5
"2548","941",11,24,6,2,20,41,37,2,59,2,33,4,12,10,25,7,13,13,3,8,13,7,2,1,1,11,24,6,"TOEFL",2.5
"2549","942",13,13,4,10,4,28,16,1,1,10,50,23,9,7,14,1,11,20,1,6,13,8,3,1,1,13,13,4,"TOEFL",2
"2550","943",7,12,2,1,12,1,33,17,4,1,9,17,36,7,2,4,2,1,5,14,4,1,11,7,4,7,12,2,"TOEFL",3
"2553","946",21,24,4,2,28,2,1,25,26,3,1,18,49,1,22,16,6,15,3,1,9,28,4,2,8,5,1,2,"TOEFL",5
"2555","948",7,1,12,13,3,26,30,36,5,54,3,32,1,7,14,14,2,17,16,3,4,4,13,10,6,3,7,1,"TOEFL",5
"2556","949",9,4,14,1,1,5,1,13,37,23,1,46,27,8,8,27,20,3,4,8,6,12,7,10,7,11,2,2,"TOEFL",4.5
"2557","950",1,1,18,21,13,1,32,51,34,2,5,37,1,54,1,14,14,14,2,1,1,6,10,8,3,22,10,4,"TOEFL",3.5
"2560","953",24,1,24,5,4,24,37,15,1,1,15,56,12,2,18,5,30,3,10,25,9,4,7,9,3,24,1,24,"TOEFL",3.5
"2561","954",6,10,5,11,18,16,2,25,1,12,2,4,20,1,1,6,9,6,1,7,6,2,6,10,5,11,18,16,"TOEFL",2.5
"2562","955",11,13,9,12,36,21,2,43,6,33,1,9,27,2,1,8,17,2,7,2,15,8,6,11,13,9,12,36,"TOEFL",4
"2563","956",6,2,12,10,2,21,48,23,5,56,25,2,7,10,18,7,10,1,1,5,10,13,1,2,1,6,2,12,"TOEFL",2.5
"2564","957",10,2,13,12,29,27,13,5,14,48,1,38,1,7,7,15,14,3,22,34,5,1,7,9,1,2,1,10,"TOEFL",5
"2566","960",17,22,17,1,21,1,35,35,6,1,55,8,53,2,7,6,10,4,16,16,28,10,6,8,5,4,17,22,"TOEFL",4.5
"2567","962",18,20,11,28,2,40,33,1,1,7,57,1,25,4,15,4,13,11,19,3,7,5,15,8,1,2,18,20,"TOEFL",4.5
"2568","963",11,23,15,11,28,28,4,3,64,30,7,12,1,24,12,21,3,9,10,16,5,1,11,23,15,11,28,28,"TOEFL",3.5
"2570","965",11,1,14,14,14,37,10,1,2,55,2,29,13,5,24,1,8,11,9,4,5,12,15,3,2,2,11,1,"TOEFL",4.5
"2571","966",5,13,2,1,31,25,12,4,5,39,12,9,8,4,9,17,2,6,2,6,8,1,1,5,13,2,1,31,"TOEFL",3.5
"2572","967",15,20,10,1,22,25,15,1,15,44,1,1,28,4,16,2,12,1,13,30,6,4,7,9,12,2,2,15,"TOEFL",4
"2574","969",21,19,6,24,1,47,25,1,11,52,5,28,16,3,15,2,1,9,20,15,8,9,6,6,1,1,1,21,"TOEFL",3
"2578","973",19,23,14,45,2,49,36,1,3,53,29,24,24,1,2,14,5,14,11,11,26,3,4,8,9,1,2,19,"TOEFL",2.5
"2579","974",16,22,12,16,33,35,1,7,49,1,17,1,23,12,25,3,6,23,3,3,6,14,10,1,4,16,22,12,"TOEFL",2
"2581","976",14,18,8,4,29,32,25,2,6,55,1,1,20,2,7,8,10,1,1,4,13,1,9,2,11,11,2,1,"TOEFL",3
"2582","977",19,19,8,3,19,1,33,29,1,7,47,8,29,7,24,5,12,1,8,14,28,7,10,5,5,5,7,19,"TOEFL",1.5
"2584","979",11,1,14,10,1,18,28,24,3,1,33,34,2,12,9,19,1,8,14,3,3,24,6,1,2,11,1,14,"TOEFL",3
"2585","980",1,1,18,21,14,1,34,47,32,1,5,46,46,1,13,14,14,2,1,1,11,18,8,3,23,9,4,1,"TOEFL",4
"2588","984",1,1,9,12,9,1,23,1,33,22,2,9,52,3,5,19,8,10,2,11,29,8,2,4,9,6,1,1,"TOEFL",3
"2589","985",18,21,4,9,32,47,22,7,71,4,1,34,7,6,1,20,3,1,15,19,20,3,4,2,3,3,1,18,"TOEFL",2
"2592","989",25,23,15,2,43,51,34,4,9,40,50,25,1,1,8,2,19,1,1,8,17,29,6,13,3,3,1,2,"TOEFL",4
"2593","990",28,20,10,1,28,3,41,34,2,1,13,48,15,34,3,17,3,22,4,1,8,16,14,13,5,10,7,5,"TOEFL",3.5
"2599","996",1,1,8,11,8,1,23,1,34,21,2,7,46,3,7,19,6,11,2,1,11,26,7,3,5,5,15,1,"TOEFL",3.5
"2601","998",26,24,15,2,43,1,67,41,1,4,10,66,33,23,1,25,5,26,13,19,36,3,24,4,9,1,6,26,"TOEFL",2
"2602","999",23,22,5,3,30,45,21,1,6,62,31,22,1,9,3,17,15,19,22,11,11,3,6,2,1,2,23,22,"TOEFL",3
