eid,rate,length,wcount,avgWordLength, noOfSentences,VBall,CCcount, CDcount, DTcount, EXcount,INcount, JJcount, MDcount, NNcount,NNPcount, PRPcount, RBcount, TOcount,VBDcount, VBGcount, VBNcount,VBPcount, VBZcount, WDTcount, WPcount, WRBcount
458,3,1468,251,4,17,46,13,0,25,1,28,22,11,67,1,13,11,8,21,4,3,2,11,5,0,0,1
220,3,1582,271,4,15,53,10,4,23,0,41,15,10,70,2,17,14,4,9,5,5,15,10,9,1,2,1
248,4,2127,352,4,25,66,11,4,27,0,53,23,16,92,3,20,20,8,22,6,5,12,6,15,1,2,1
249,3,1508,233,4,19,45,12,0,21,0,32,22,9,64,0,13,14,7,17,1,5,3,15,4,0,0,1
250,5,2064,327,4,24,59,13,0,31,0,45,34,11,88,0,19,16,7,20,11,9,3,12,4,0,0,1
252,3,1885,290,4,21,52,10,0,14,0,50,33,10,82,0,18,19,5,13,11,3,7,7,11,0,3,3
253,4,2820,463,4,35,80,12,59,26,0,54,43,8,130,0,23,25,16,21,15,6,8,14,16,0,5,4
256,4,1924,291,4,16,51,11,0,22,1,42,37,6,81,2,5,20,19,20,1,12,1,8,9,0,1,1
259,5,2401,376,4,28,70,12,0,28,0,56,43,12,96,1,26,24,12,23,14,4,5,10,14,0,5,4
260,5,2131,330,4,18,59,13,0,30,1,42,41,10,88,2,7,20,20,28,2,10,1,8,10,0,2,1
262,3,1819,293,4,23,57,12,0,13,0,39,39,9,80,1,12,16,11,21,1,2,6,27,0,1,5,0
455,3,1427,248,4,16,47,11,0,27,0,27,18,7,68,0,15,12,15,26,0,3,5,9,4,0,0,0
456,0,1249,200,3,20,37,7,6,15,1,26,74,3,41,28,7,4,8,13,5,3,4,7,5,0,0,1
269,3,2001,323,4,22,62,14,0,17,0,42,41,13,87,1,12,17,13,27,0,2,7,25,1,1,5,0
274,4,2638,428,4,26,67,15,0,21,1,66,58,16,119,5,18,23,10,28,4,4,5,22,4,1,5,0
279,4,1747,298,4,17,57,14,3,11,0,59,23,2,86,2,8,11,6,6,1,24,4,18,4,0,0,0
281,4,1673,284,4,17,52,14,3,12,0,54,22,2,81,2,8,10,7,6,3,15,6,16,6,1,0,0
309,4,1220,207,4,17,30,8,0,21,0,26,32,3,38,15,12,12,4,6,2,2,1,4,15,0,0,0
311,4,1594,260,4,22,53,11,0,16,1,26,13,4,76,1,9,20,2,11,1,2,5,24,10,0,3,4
313,4,1760,343,3,18,72,13,0,28,0,46,13,16,71,1,43,16,6,27,0,2,6,30,7,1,1,8
317,4,1460,277,3,21,47,11,1,26,1,36,31,5,62,0,18,17,8,14,15,1,5,7,5,0,1,5
321,4,3201,527,4,37,110,23,1,32,1,61,30,9,134,2,29,33,11,32,5,6,8,36,23,0,5,17
322,3,1457,251,4,23,50,3,2,27,0,23,12,14,64,2,12,14,8,21,1,9,4,7,8,1,0,4
324,4,1445,232,4,12,44,10,0,13,0,23,18,7,55,0,15,21,3,13,0,0,5,22,4,1,5,4
326,4,1596,270,4,20,56,10,3,19,1,26,21,6,55,6,19,16,9,15,9,1,9,16,6,1,10,2
327,4,2277,366,4,23,79,16,0,13,2,43,29,15,93,3,25,21,11,29,2,8,5,23,12,4,3,4
338,3,988,179,4,18,41,3,1,10,0,19,20,3,35,0,17,6,7,11,0,1,4,16,9,0,3,2
341,3,1282,210,4,20,34,6,1,20,0,27,13,16,54,2,16,13,3,18,1,0,3,7,5,0,0,1
449,2,941,151,4,9,27,4,0,12,1,20,18,7,34,3,11,6,1,8,2,5,3,6,3,0,3,3
452,3,2074,400,3,29,79,21,3,35,0,45,22,9,76,2,51,20,15,24,28,2,4,13,8,0,1,3
354,3,1149,190,4,10,36,9,0,25,0,23,17,5,41,0,6,13,4,13,1,8,2,9,3,0,2,0
357,4,1209,206,4,11,47,4,0,24,0,22,17,2,44,0,17,4,9,14,0,10,0,12,11,2,5,2
361,3,1282,210,4,20,34,6,1,20,0,27,13,16,54,2,16,13,3,18,1,0,3,7,5,0,0,1
373,4,2012,326,4,22,63,6,2,37,2,41,34,7,70,5,10,25,14,22,3,8,3,8,19,2,1,4
376,4,2216,387,4,31,71,9,3,24,1,43,35,10,75,5,45,18,12,21,21,1,3,14,11,1,14,2
377,3,1407,243,4,16,57,5,0,19,0,25,14,18,63,0,11,9,11,29,0,8,4,12,4,1,3,2
381,4,1346,222,4,18,40,7,1,11,0,26,13,17,55,1,16,12,5,21,2,1,6,7,3,0,0,1
382,3,1081,175,4,8,34,7,0,3,0,24,15,5,46,0,17,14,5,14,0,2,4,12,2,0,0,2
385,3,1418,263,3,19,54,10,1,15,4,35,18,15,50,4,22,19,7,28,0,2,4,14,6,0,2,0
392,4,1405,240,4,22,46,3,4,21,1,31,17,4,54,3,16,17,6,9,0,2,5,21,9,0,3,1
394,3,1834,291,4,21,53,6,2,36,2,37,26,11,76,4,6,18,11,22,9,6,5,5,6,1,1,0
396,3,1240,206,4,21,31,11,1,17,1,21,19,5,65,1,6,12,8,9,0,2,3,6,11,0,1,0
402,3,1397,258,3,13,54,14,0,20,1,28,22,7,40,13,23,9,10,16,4,4,5,17,8,2,0,3
404,4,1446,271,3,19,53,10,1,22,3,37,21,15,50,4,22,17,8,28,0,2,4,12,7,0,1,0
413,4,1309,224,4,22,47,4,3,19,0,24,17,8,49,1,8,27,7,16,9,3,5,5,9,1,0,2
414,4,1420,246,4,21,49,4,2,24,1,29,17,4,56,3,16,16,6,9,1,1,6,23,9,0,3,1
420,4,1473,256,4,17,48,11,3,26,2,31,15,7,68,8,13,10,6,19,7,1,2,11,8,0,0,3
428,2,1332,235,4,19,46,7,4,30,3,25,13,8,50,9,10,15,5,17,8,1,2,8,10,1,4,1
429,3,2059,363,4,26,80,13,5,30,1,33,25,14,88,0,24,18,21,38,0,7,6,19,10,0,4,3
431,3,1459,244,4,20,56,7,1,17,2,25,28,4,61,8,10,15,5,10,1,12,5,16,12,2,2,2
434,4,1403,238,4,22,52,5,3,16,0,27,21,9,55,1,9,25,7,17,6,6,8,7,8,1,0,2
435,4,2222,351,4,21,55,9,2,56,1,52,25,14,98,7,3,20,9,24,6,6,4,7,8,1,2,1
443,4,1253,208,4,18,36,4,0,22,1,26,11,10,53,1,18,13,5,14,1,6,1,7,7,1,0,0
444,3,1369,224,4,19,37,5,0,27,2,20,32,5,55,0,7,14,9,10,1,2,6,4,14,0,0,2
439,5,1545,286,4,18,55,10,1,25,3,42,20,17,57,3,22,17,8,30,0,3,4,11,7,0,1,0
442,3,1582,272,4,18,58,7,2,18,2,32,17,8,54,3,25,21,5,14,9,10,0,17,8,2,4,4
460,4,1826,287,4,15,48,15,3,15,1,40,20,7,89,4,10,13,13,17,11,1,6,3,10,1,0,1
465,4,4633,759,4,33,125,15,4,108,2,105,70,19,179,11,20,37,27,38,6,22,18,19,22,6,4,3
466,3,2114,360,4,21,68,12,2,46,3,49,21,6,81,1,27,28,6,13,3,7,12,19,14,2,2,1
473,4,2325,421,4,22,81,13,0,28,0,76,28,8,105,0,34,21,12,26,22,12,5,10,6,0,4,2
477,4,1487,246,4,19,39,5,1,34,1,32,32,5,59,0,7,13,3,8,0,5,7,5,14,1,0,1
478,4,2065,339,4,25,42,11,18,32,2,36,53,17,88,1,13,11,7,23,1,2,3,11,2,2,0,2
482,5,2790,491,4,28,91,13,0,38,0,79,33,9,126,0,31,31,11,24,24,12,8,12,11,0,8,2
485,4,1365,251,4,24,50,6,3,16,2,30,14,6,36,9,30,34,8,17,10,2,0,11,10,0,0,2
492,3,3901,670,4,33,117,21,2,87,0,96,62,7,139,8,41,43,23,23,12,13,16,23,30,6,7,1
494,4,2373,386,4,21,60,5,4,52,0,59,33,8,102,8,15,18,12,19,4,7,5,6,19,6,0,1
497,4,1470,234,4,21,43,10,2,18,1,24,19,12,70,0,10,16,6,20,0,1,6,3,13,0,1,0
503,3,2130,351,4,21,46,20,6,36,0,57,45,8,101,2,17,12,7,13,15,4,2,3,9,0,2,3
504,4,1768,299,4,22,64,18,1,17,2,39,19,4,71,3,15,16,12,24,1,9,2,15,13,1,1,0
509,3,1914,325,4,18,68,10,1,21,0,36,19,9,87,3,23,17,13,28,3,8,1,25,3,2,4,6
511,4,2732,438,4,26,73,19,3,56,3,57,31,10,125,3,15,20,6,18,9,4,11,15,16,2,2,1
516,3,4561,775,4,48,156,23,3,76,1,116,50,12,172,1,47,45,33,46,17,18,22,33,20,3,7,6
517,5,2816,431,5,25,76,8,1,29,0,56,71,7,101,3,17,30,21,30,1,6,6,12,21,3,2,0
519,5,2154,354,4,20,49,18,7,36,0,55,41,9,101,2,13,12,9,16,15,5,2,2,9,1,2,2
526,3,1673,273,4,14,39,12,2,24,0,26,28,9,84,2,9,14,11,21,1,2,2,8,5,1,0,1
528,4,1734,306,4,19,58,14,2,27,0,30,34,10,71,2,17,17,12,28,2,7,0,10,11,2,2,0
529,3,2032,378,4,28,77,15,7,35,4,41,23,11,75,13,18,27,21,31,6,10,3,16,11,1,1,2
532,3,1990,382,3,20,65,20,0,40,1,51,28,3,100,3,31,19,13,29,1,7,1,18,9,2,0,4
533,3,1484,269,4,18,41,13,1,15,0,33,36,7,48,0,29,17,10,14,19,0,1,5,2,1,2,2
534,3,2562,470,4,30,83,24,5,49,4,53,19,16,112,2,38,29,22,40,2,5,1,24,11,0,3,4
536,4,1290,214,4,18,38,4,0,23,1,27,11,10,55,1,18,13,5,15,1,6,1,9,6,1,0,0
538,4,1921,320,4,16,69,19,0,20,0,36,33,14,70,0,17,12,12,27,4,8,4,22,4,0,4,1
545,4,1492,292,3,18,65,8,1,18,0,26,29,19,44,0,33,13,19,40,3,7,2,10,3,2,1,6
554,4,2405,395,4,23,73,18,4,48,2,50,37,6,84,4,17,25,14,26,22,5,8,5,7,1,0,4
559,2,1619,262,4,17,42,8,1,24,2,46,30,10,71,0,11,10,1,13,7,5,3,7,7,0,3,1
556,4,1741,287,4,19,57,10,9,26,1,27,15,14,67,0,13,20,13,27,8,4,6,5,7,5,2,3
557,4,1372,230,4,13,46,7,0,19,2,20,24,13,54,0,7,14,11,24,0,4,2,8,8,3,1,2
564,4,2360,359,5,20,64,13,2,25,0,51,49,10,88,12,7,17,14,24,3,6,11,12,8,2,1,0
566,4,1425,261,4,20,51,8,3,17,2,32,16,6,37,9,30,31,10,19,11,2,0,9,10,1,0,2
567,5,2453,381,4,20,47,20,2,42,0,42,38,9,112,4,5,24,18,16,1,3,3,4,20,3,4,0
574,4,1424,245,4,17,34,7,1,30,2,32,22,9,59,0,15,17,7,15,2,3,2,9,3,1,1,2
579,4,1635,263,4,19,48,5,1,27,2,43,27,10,72,0,11,9,3,14,4,6,8,8,8,1,2,1
580,2,1327,222,4,19,41,8,3,18,1,40,21,4,48,0,23,11,3,7,10,5,5,10,4,0,2,3
582,4,1917,308,4,15,41,7,0,31,1,43,34,8,91,5,6,9,10,15,7,0,2,5,12,2,1,1
587,4,2022,312,4,15,44,10,2,32,0,40,33,8,95,9,2,15,11,15,5,7,5,4,8,1,1,1
599,4,4101,689,4,42,101,21,6,75,3,113,69,13,165,14,44,33,20,31,21,7,16,12,14,3,2,1
602,4,2231,375,4,20,65,3,1,45,5,44,47,5,90,14,5,14,17,19,7,5,8,15,11,13,3,0
611,4,1584,262,4,19,59,4,3,21,2,28,29,4,50,0,19,16,13,17,3,9,3,9,18,3,1,3
612,5,1568,265,4,15,43,16,3,16,0,41,17,7,62,0,17,14,8,16,7,8,3,4,5,1,1,0
614,4,2563,405,4,18,68,5,0,57,2,60,44,14,107,0,11,17,15,28,0,8,7,5,20,5,0,0
621,2,2091,323,4,27,53,10,0,28,1,33,104,14,93,2,15,19,9,24,0,5,8,12,4,0,2,5
820,3,1855,303,4,17,58,13,3,12,2,46,28,13,77,6,14,12,10,24,10,3,9,4,8,2,0,1
630,3,2683,405,5,22,61,8,13,42,1,53,51,7,119,0,5,21,14,15,6,5,7,7,21,4,0,0
632,4,1668,272,4,17,55,8,1,19,1,32,22,6,57,1,17,20,12,18,5,12,2,10,8,0,0,3
633,4,1719,278,4,16,48,10,2,29,0,30,35,17,67,1,10,11,6,23,0,3,3,10,9,0,1,1
641,3,3523,597,4,32,97,11,7,64,4,102,58,9,151,5,27,35,12,21,10,14,10,24,18,2,5,2
644,4,1803,289,4,19,53,23,3,24,0,27,23,5,81,8,13,12,8,13,9,5,2,21,3,1,2,2
649,4,1327,238,4,17,48,4,0,20,2,25,16,13,42,2,21,20,10,25,1,6,0,6,10,0,2,4
653,3,2280,377,4,17,67,11,3,60,0,56,32,17,95,0,5,12,10,28,3,7,15,2,12,3,2,0
654,4,1779,296,4,17,59,7,1,12,1,36,20,16,74,3,20,19,17,34,7,5,1,8,4,2,0,3
655,3,1773,297,4,17,58,19,1,18,0,29,34,4,70,7,17,17,13,19,3,5,4,18,9,0,0,5
657,4,1245,213,4,13,44,6,1,14,2,29,14,10,39,0,21,17,5,16,0,9,6,10,3,2,0,1
658,4,1837,285,4,22,55,13,0,25,0,44,14,9,74,0,16,10,16,25,0,10,4,13,3,0,2,1
662,3,2398,384,4,25,87,10,0,38,0,41,34,9,108,1,13,18,14,27,1,3,12,14,30,2,6,0
665,5,2074,321,5,18,49,12,3,40,1,36,35,8,83,5,11,16,8,12,3,9,4,7,14,1,1,3
667,4,1314,228,4,21,37,6,0,28,1,21,24,12,59,2,4,12,8,21,0,2,5,3,6,1,1,1
686,5,3026,483,4,21,77,12,22,58,0,75,51,6,138,0,7,22,11,16,4,5,14,7,31,3,0,0
687,4,1561,267,4,19,51,8,0,28,4,29,23,15,62,0,9,18,7,21,2,10,8,4,6,0,0,0
697,4,1798,285,4,18,49,7,1,31,0,46,35,5,69,0,16,14,9,13,3,5,7,16,5,0,1,1
704,5,2747,424,4,27,72,15,3,47,0,51,48,16,105,3,14,25,12,25,6,6,13,5,17,1,0,2
707,4,3011,474,4,25,86,7,1,64,1,58,61,16,105,7,16,17,16,35,1,7,13,16,14,4,1,1
708,4,1421,248,4,18,42,10,1,25,1,37,14,4,58,2,22,14,8,12,0,2,3,10,15,1,2,3
709,4,1518,246,4,12,55,8,3,19,1,32,9,6,55,0,16,25,6,12,5,13,8,6,11,1,1,4
817,3,1836,315,4,18,57,10,0,27,2,44,29,4,83,0,21,14,10,16,2,3,3,13,20,2,2,0
725,3,2632,424,4,23,74,11,0,27,2,65,38,12,137,1,6,21,20,32,1,7,13,8,13,0,2,0
726,4,1591,250,4,13,29,17,1,27,0,35,21,9,73,2,13,7,7,16,0,2,1,4,6,0,0,1
727,3,2437,405,4,20,70,12,7,39,0,51,28,9,111,14,9,22,10,20,6,7,12,5,20,7,3,1
736,4,3894,643,4,36,121,14,6,63,2,97,51,18,130,0,40,56,13,32,17,12,21,17,22,6,4,1
743,4,2776,410,5,21,64,11,2,50,1,55,48,7,110,3,9,29,15,18,3,8,13,3,19,2,0,0
754,4,1772,330,4,14,68,21,2,28,1,30,27,6,60,0,34,15,14,20,9,5,7,21,6,2,8,4
755,5,2363,361,5,16,37,17,3,47,0,54,49,11,111,1,6,11,10,14,3,1,2,4,13,1,0,1
758,3,1392,239,4,17,49,4,2,21,1,30,16,7,44,2,22,14,10,17,3,5,2,13,9,2,2,4
760,4,3493,570,4,39,95,9,6,57,1,81,44,14,161,5,26,47,15,26,7,13,12,24,13,7,2,1
764,4,2204,340,4,25,66,11,0,30,0,49,21,9,87,1,18,16,20,30,0,9,4,18,5,1,3,1
765,5,1894,302,4,18,51,7,2,34,0,47,35,7,74,1,15,16,11,16,2,6,7,14,6,0,1,1
767,5,1625,273,4,11,50,8,0,19,1,31,26,15,72,1,8,16,13,29,3,4,1,12,1,1,2,1
772,5,1935,344,4,23,80,9,2,28,2,50,23,7,63,6,24,20,6,17,18,8,15,7,15,2,1,6
773,4,1387,247,4,13,49,10,0,23,0,23,13,10,51,1,11,17,12,22,0,8,5,6,8,2,0,6
777,4,3127,494,4,35,89,6,5,57,4,75,21,19,143,4,16,33,10,29,7,10,13,11,19,1,2,1
783,4,1651,276,4,18,35,11,0,23,0,52,29,11,76,1,19,8,8,18,1,1,4,8,3,2,0,1
790,5,3481,556,4,28,82,6,7,77,1,87,58,12,157,11,1,34,13,23,6,7,17,7,22,1,0,1
792,5,3151,508,4,27,76,13,17,55,2,63,49,15,114,32,7,29,6,22,4,2,13,5,30,6,1,2
797,3,3393,555,4,29,83,15,5,61,3,89,57,11,141,14,22,24,17,23,19,6,15,8,12,4,0,0
798,5,1222,205,4,15,38,8,0,20,0,31,12,3,52,1,17,10,6,11,0,2,4,8,13,0,3,2
799,3,1238,217,4,19,48,1,0,19,1,28,15,5,45,0,19,23,10,16,0,4,2,12,14,1,1,2
800,3,1537,259,4,19,39,6,1,21,2,28,29,10,67,3,10,18,11,15,1,1,3,14,5,0,3,3
805,4,1811,282,4,16,49,11,3,27,1,41,21,9,72,0,13,20,4,13,3,6,4,14,9,2,2,3
813,5,2243,378,4,21,47,12,1,32,0,63,40,15,103,1,22,11,17,24,0,7,4,8,4,2,0,2
816,4,1550,236,5,15,38,10,1,27,1,23,26,8,72,0,3,10,11,18,4,1,1,8,6,1,2,0
825,3,1524,272,4,11,46,6,2,28,1,42,24,7,58,6,7,19,11,18,0,4,5,6,13,2,1,1
826,5,2220,393,4,26,69,15,0,29,4,49,25,13,102,0,19,34,9,22,1,12,1,24,9,0,3,4
827,4,1591,280,4,19,56,17,3,23,2,30,16,8,67,3,14,11,10,19,8,8,3,9,9,5,0,2
828,4,1588,276,4,13,66,11,0,18,0,32,26,10,49,0,22,21,8,19,0,14,5,15,13,0,2,5
831,3,2447,398,4,25,69,13,1,48,0,59,20,11,114,0,16,22,13,27,21,6,2,11,2,0,4,6
833,4,2741,459,4,25,69,14,1,54,0,69,21,16,123,0,19,22,15,28,21,6,1,9,4,0,5,7
834,4,1319,225,4,15,55,12,6,24,0,20,14,8,55,1,4,9,15,23,1,17,1,3,10,1,0,5
836,3,2432,368,4,20,53,8,0,37,0,74,59,8,113,3,5,13,5,12,3,9,10,3,16,1,0,0
837,3,1806,302,4,22,72,12,1,25,1,37,20,4,65,3,18,27,9,18,6,11,12,14,11,5,0,1
838,4,2521,394,4,21,54,12,0,39,0,71,61,8,120,6,4,11,8,16,3,9,8,3,15,2,0,0
839,3,2431,391,4,21,61,20,3,23,1,56,40,9,116,11,8,18,19,24,0,4,5,8,20,3,6,0
840,4,1348,234,4,14,48,16,1,9,0,17,20,9,43,1,24,23,14,19,2,8,2,10,7,1,0,3
841,3,1239,215,4,16,44,5,0,16,0,27,11,8,38,0,21,26,8,17,2,10,0,10,5,0,2,1
844,3,1489,281,3,17,59,12,1,24,2,33,18,14,49,1,27,17,12,25,1,8,5,10,10,1,2,1
845,4,1543,260,4,13,54,23,0,13,1,24,31,5,53,3,19,10,6,13,0,12,3,17,9,0,3,2
846,3,1517,277,4,18,63,7,0,17,4,36,30,4,61,0,16,15,10,16,3,13,4,12,15,2,1,3
847,3,2384,395,4,22,80,13,3,36,0,50,43,8,98,2,12,13,19,25,2,8,13,13,19,2,1,0
848,4,2440,393,4,23,66,12,0,27,0,61,41,9,124,0,13,18,20,30,2,6,6,13,9,1,2,1
849,3,1634,290,4,19,64,10,2,21,4,30,16,13,46,1,22,28,10,23,3,13,2,8,15,2,5,5
850,5,2548,433,4,22,59,17,3,27,0,63,44,10,122,12,8,18,24,23,0,5,3,7,21,3,4,0
851,3,1968,342,4,19,58,17,2,35,0,55,25,15,100,0,26,13,18,29,0,9,0,9,11,1,2,2
856,3,2235,343,4,22,64,8,1,17,0,52,37,10,95,6,14,19,16,25,0,7,8,10,14,0,2,0
857,3,3049,502,4,33,99,14,5,17,0,68,45,18,109,16,50,27,16,36,20,14,6,14,9,2,5,5
858,3,1733,322,4,15,59,8,1,21,0,51,28,9,63,10,30,17,11,20,4,2,2,17,14,2,0,0
859,3,1169,183,4,19,34,5,1,10,0,19,16,5,46,2,16,13,5,9,6,5,2,8,4,1,1,2
869,3,943,172,3,12,28,5,0,13,3,23,14,3,39,1,15,8,10,7,1,0,1,7,12,0,0,1
870,4,2718,478,4,26,87,15,5,15,0,66,40,15,88,13,44,29,14,29,28,11,4,10,5,2,4,5
871,3,2203,330,4,21,77,9,1,10,0,50,31,6,91,4,21,11,12,23,6,17,6,20,5,1,2,3
873,3,2767,480,4,44,87,7,5,28,0,49,30,13,84,23,56,42,15,26,39,2,5,12,3,2,2,6
875,4,2272,359,4,23,85,10,0,13,0,53,37,4,90,0,29,17,12,17,7,21,6,22,12,0,2,2
876,3,2131,360,4,23,69,18,0,31,0,46,25,15,91,0,35,23,16,35,0,5,3,19,7,0,1,1
881,3,1219,221,4,11,33,8,1,23,3,30,20,5,60,1,14,8,2,6,0,2,1,12,12,2,0,5
882,3,1975,319,4,21,65,12,2,15,0,34,17,6,90,2,16,23,21,30,6,2,2,22,3,3,2,2
884,4,2130,388,4,22,68,20,0,33,0,42,26,17,88,1,31,24,18,33,3,8,2,18,4,0,1,1
885,4,2336,422,4,24,76,20,2,39,1,45,27,19,100,0,35,24,21,36,6,14,2,11,7,0,1,1
886,3,1689,285,4,19,63,7,0,30,0,25,19,13,74,1,6,19,12,31,2,10,4,8,8,3,0,2
888,3,2179,327,4,20,51,8,0,28,0,52,52,5,108,16,10,7,12,15,1,6,2,8,19,2,0,0
890,4,1497,275,4,17,56,6,1,24,2,34,23,8,65,1,23,15,10,22,5,5,4,13,7,1,1,2
891,4,2025,332,4,20,51,12,2,27,0,45,44,3,93,15,8,7,16,18,0,4,1,9,19,1,0,0
892,3,1614,261,4,12,34,4,6,30,1,44,26,5,73,5,2,10,2,6,2,7,4,10,5,1,1,0
893,4,2102,348,4,21,53,13,2,33,0,47,39,5,100,15,9,11,15,17,0,8,1,4,23,1,0,0
894,3,1658,304,4,17,52,5,0,47,1,44,18,13,82,0,11,13,13,29,3,2,4,6,8,1,1,1
898,2,909,162,4,20,27,6,0,16,2,12,20,3,50,2,13,8,1,7,0,0,0,14,6,0,1,0
903,3,1677,291,4,23,55,10,0,29,2,32,22,11,78,1,21,17,5,17,0,6,3,14,15,0,1,1
904,5,5113,824,4,47,136,31,3,87,3,110,73,8,226,3,48,40,22,31,30,7,16,26,26,2,11,5
905,4,1706,266,4,22,48,11,3,12,0,28,33,14,62,1,17,18,9,23,2,8,2,5,8,1,0,1
909,4,1707,305,4,17,55,13,0,52,1,37,26,13,68,0,9,16,8,22,3,10,3,10,7,0,5,0
910,4,1561,250,4,17,47,4,4,26,3,31,28,5,55,1,11,16,10,15,12,5,6,5,4,1,1,0
911,4,2575,398,4,25,66,15,2,34,0,53,48,1,122,1,8,17,16,21,1,7,5,24,8,0,0,1
912,4,2237,361,4,25,75,13,1,13,0,39,30,13,112,0,18,12,8,25,1,14,5,21,9,2,2,4
914,5,2136,362,4,32,63,8,0,37,1,50,33,19,107,1,14,15,6,25,0,11,4,14,9,1,0,1
915,4,1891,330,4,18,59,11,1,31,0,47,23,12,70,2,25,9,13,28,7,3,4,10,7,1,1,6
918,3,1386,237,4,14,66,7,1,25,0,15,15,9,38,0,9,25,9,19,3,15,9,6,14,3,2,0
919,4,2084,348,4,21,63,7,0,49,1,44,37,2,72,34,12,8,5,8,28,7,3,12,5,2,6,3
920,4,2450,384,4,22,71,14,2,30,0,54,38,2,109,0,12,17,18,19,1,11,6,27,7,0,1,1
923,3,1444,245,4,10,43,8,0,28,1,22,33,3,52,0,5,11,15,17,1,4,4,13,4,2,0,2
924,5,2293,395,4,25,74,13,0,36,0,51,26,14,91,2,29,13,16,32,10,5,5,10,12,1,2,6
925,4,1451,250,4,18,42,3,0,26,1,32,18,8,74,1,14,15,5,12,3,3,3,12,9,4,1,1
926,4,1877,310,4,28,52,10,5,22,2,38,27,22,73,1,28,18,6,28,0,1,4,11,8,1,0,1
928,4,1586,269,4,10,53,6,1,28,0,41,23,7,53,0,14,19,11,18,4,15,2,5,9,0,0,2
931,4,2000,375,3,22,85,13,3,12,0,49,27,5,74,3,47,22,7,12,47,14,7,5,0,3,0,4
933,2,1130,214,3,13,40,6,14,17,0,26,25,5,48,1,5,14,9,16,1,2,2,9,10,1,1,0
934,2,1378,234,4,10,36,3,6,18,4,41,23,3,59,9,2,17,6,12,1,6,2,9,6,0,1,0
937,4,1676,315,3,16,52,9,0,32,0,49,24,8,76,0,26,14,9,17,5,0,9,11,10,2,2,5
938,4,1852,281,4,10,59,10,0,20,0,31,26,4,72,6,10,21,10,13,4,11,5,12,14,4,1,0
939,5,1620,246,5,11,38,14,4,25,1,35,32,8,58,1,3,16,2,9,2,4,4,9,10,2,1,0
940,2,1315,222,4,10,30,4,4,30,0,30,14,6,68,9,5,4,11,17,3,6,0,1,3,0,0,1
941,2,2052,316,4,24,57,6,2,20,0,41,37,2,92,2,12,25,7,13,13,3,8,13,7,2,1,1
942,2,1349,239,4,13,48,4,0,10,4,28,17,10,73,0,9,14,11,20,0,1,6,13,8,3,1,1
943,3,1143,195,4,12,37,2,1,12,1,33,18,9,53,0,7,4,5,14,0,4,1,11,7,4,0,0
946,5,1691,277,4,24,47,4,2,28,2,25,27,18,71,1,16,15,9,28,0,4,2,8,5,0,1,2
948,5,1956,317,4,12,50,13,3,26,0,30,36,5,86,3,7,14,17,16,3,4,4,13,10,6,3,0
949,4,1866,286,4,14,53,5,1,13,0,37,23,1,73,0,8,20,8,6,12,7,10,7,11,2,2,0
950,3,2160,344,4,21,53,13,1,32,0,51,34,5,91,1,14,14,6,10,0,8,3,22,10,4,1,2
953,3,1736,293,4,24,54,5,4,24,0,37,16,15,68,0,18,30,10,25,0,9,4,7,9,0,0,3
954,2,1062,153,5,10,29,5,0,11,0,18,16,2,37,1,4,20,6,9,0,6,1,7,6,2,0,0
955,4,1823,267,5,13,51,9,0,12,0,36,21,2,76,6,9,27,8,17,2,7,2,15,8,6,0,0
956,2,1704,274,4,12,40,10,2,21,0,48,23,5,81,0,7,18,7,10,1,1,5,10,13,1,2,1
957,5,2001,312,4,13,56,12,0,29,0,27,13,14,86,1,7,14,22,34,0,5,1,7,9,1,2,1
960,4,2122,352,4,22,73,17,1,21,1,35,35,1,108,8,7,10,16,16,28,10,6,8,5,0,0,4
962,4,1834,306,4,20,57,11,0,28,2,40,34,7,82,1,15,13,11,19,3,7,5,15,8,0,1,2
963,3,1802,291,4,23,59,15,0,11,0,28,32,3,94,0,12,24,12,21,3,9,0,10,16,5,0,1
965,4,1860,276,5,14,56,14,0,14,0,37,10,2,84,2,13,24,8,11,9,4,5,12,15,3,2,2
966,3,1239,201,4,13,41,2,1,31,0,25,12,5,51,0,9,8,9,17,2,6,2,6,8,0,1,1
967,4,1726,278,4,20,68,10,1,22,0,25,16,15,72,1,16,12,13,30,6,4,7,9,12,2,0,2
969,3,1857,313,4,19,64,6,0,24,1,47,25,11,80,5,16,15,9,20,15,8,9,6,6,1,1,1
973,2,2277,385,4,23,61,14,0,45,2,49,36,3,77,29,14,14,11,11,26,3,4,8,9,0,1,2
974,2,1936,300,5,22,59,12,0,16,0,33,35,7,66,1,23,25,6,23,3,3,6,14,10,0,1,4
976,3,1526,260,4,18,47,8,4,29,0,32,25,6,75,1,7,10,4,13,1,9,2,11,11,0,2,1
977,1,1826,310,4,19,69,8,3,19,1,33,30,7,76,8,24,12,8,14,28,7,10,5,5,5,0,7
979,3,1533,255,4,14,50,10,1,18,0,28,24,1,67,0,12,19,8,14,0,3,3,24,6,0,1,2
980,4,2165,348,4,21,61,14,1,34,0,47,32,5,92,0,13,14,11,18,0,8,3,23,9,4,1,2
984,3,1387,270,3,12,58,9,1,23,1,33,24,9,57,3,19,10,11,29,8,2,4,9,6,1,1,3
985,2,2141,330,5,21,51,4,9,32,0,47,22,7,105,4,6,20,15,19,20,3,4,2,3,3,1,0
989,4,2264,382,4,23,71,15,2,43,0,51,34,9,65,50,8,19,8,17,29,6,13,3,3,1,0,2
990,3,2149,355,4,20,65,10,1,28,3,41,35,13,82,15,17,22,8,16,14,13,5,10,7,5,1,2
996,3,1387,267,3,11,61,8,1,23,1,34,23,7,53,3,19,11,11,26,7,3,5,5,15,1,2,2
998,2,2689,471,4,24,95,15,2,43,1,67,45,10,89,33,25,26,13,19,36,3,24,4,9,1,0,6
999,3,2125,331,4,22,72,5,3,30,0,45,22,6,84,31,9,17,15,19,22,11,11,3,6,2,1,2
1000,2,1228,199,4,13,33,12,0,7,0,19,14,8,58,3,15,13,6,17,3,0,2,9,2,2,2,0
1005,5,1748,289,4,23,52,8,3,29,2,36,17,9,75,1,25,22,7,15,10,10,0,11,6,2,1,1
1006,2,1187,197,4,13,35,13,0,8,0,20,11,8,54,3,17,11,7,18,4,1,2,8,2,0,2,0
1007,2,1571,254,4,13,46,5,1,28,1,28,22,9,67,0,4,13,12,22,1,7,2,5,9,1,0,2
1008,4,2313,379,4,23,71,12,1,29,0,48,29,14,104,2,20,34,7,24,0,6,10,14,17,1,1,4
1011,2,2039,332,4,13,51,15,1,27,0,39,30,8,97,0,6,26,12,24,0,3,6,12,6,6,0,1
1020,5,2168,366,4,21,65,13,3,42,1,48,33,15,82,3,22,15,5,21,1,10,4,20,9,1,2,1
1021,4,2023,364,4,15,57,11,6,37,0,47,37,14,74,0,19,20,22,34,1,3,3,11,5,4,3,3
1027,3,2077,333,4,16,50,13,2,25,0,40,38,11,85,4,17,24,6,21,2,4,6,15,2,3,0,1
1028,4,1628,281,4,20,60,10,3,15,0,33,23,3,67,1,20,14,13,20,11,7,4,14,4,3,1,3
1038,3,1600,267,4,14,53,11,0,8,0,35,23,4,72,0,14,22,9,14,5,6,6,12,10,3,3,2
1041,3,4487,743,4,33,126,32,3,49,0,109,60,9,153,56,46,36,31,36,26,10,22,22,10,2,2,5
1050,3,1687,256,5,15,48,9,1,16,2,28,36,13,67,0,1,17,7,21,0,4,7,7,9,6,0,0
1052,5,2301,412,4,23,87,27,1,28,1,55,32,3,94,2,32,19,14,27,2,12,4,36,6,2,1,5
1054,4,2406,389,4,17,69,14,2,38,6,45,36,13,83,0,21,36,9,21,1,11,5,22,9,2,1,6
1056,2,23,4,5,1,1,0,0,0,0,0,0,1,1,0,1,0,0,1,0,0,0,0,0,0,0,0
1057,4,1830,308,4,22,57,11,2,15,0,26,34,2,79,7,18,13,15,15,23,6,2,9,2,2,4,3
1061,3,1424,248,4,16,54,5,2,34,0,26,19,6,53,2,14,10,10,22,2,1,6,10,13,2,2,1
1063,4,2030,337,4,16,56,13,0,36,0,36,34,12,81,1,16,23,21,30,0,3,3,14,6,0,2,0
1064,3,2117,353,4,23,68,3,2,28,0,49,24,10,83,5,27,21,21,25,1,17,2,15,8,1,0,5
1065,4,1720,294,4,19,63,11,7,30,0,38,33,9,67,1,8,10,7,15,0,9,8,18,13,3,4,5
1066,4,1893,312,4,14,53,6,2,35,4,34,26,12,83,0,9,7,10,20,6,7,5,8,7,5,3,0
1069,4,2043,318,4,22,52,23,1,23,0,39,38,5,94,4,9,17,5,12,5,9,4,19,3,9,0,1
1071,4,1844,321,4,24,60,10,1,20,0,36,28,8,77,5,23,14,9,20,12,10,3,10,5,2,4,4
1076,4,1818,306,4,16,57,13,0,8,0,39,27,4,82,0,19,26,11,16,5,7,6,15,8,2,3,2
1079,5,2118,362,4,20,68,20,1,18,1,42,37,4,89,4,16,33,15,27,2,9,4,14,12,3,1,0
1083,3,2173,372,4,25,73,16,2,33,3,36,40,13,81,1,24,16,16,33,0,3,6,14,17,1,4,3
1085,4,2578,424,4,24,83,18,2,18,1,49,42,8,83,0,33,37,10,23,6,3,7,38,6,1,7,2
1087,5,1785,299,4,18,61,9,7,16,4,43,29,5,60,4,11,20,15,20,3,10,3,18,7,2,1,2
1089,3,1937,310,4,13,42,9,4,28,0,58,27,4,98,4,8,18,7,11,3,2,8,9,9,2,1,1
1090,5,3047,548,4,26,112,16,2,53,2,72,37,11,90,1,60,39,13,25,7,24,6,31,19,5,1,5
1094,4,2190,360,4,18,61,11,0,34,0,48,36,14,87,3,21,14,14,27,2,12,6,6,8,3,1,2
1095,4,2128,362,4,21,73,12,3,38,0,45,38,2,71,1,23,24,7,12,2,8,12,30,9,3,5,2
1098,3,2083,328,4,16,53,5,1,37,1,54,41,7,87,3,3,24,11,20,0,3,9,9,12,0,1,0
1103,4,2112,377,4,16,59,7,0,42,0,61,48,5,84,2,24,11,18,20,0,6,6,20,7,5,0,2
1106,5,1498,268,4,14,54,11,3,32,0,32,15,9,66,1,14,18,5,14,2,3,10,12,13,2,1,1
1110,5,2055,341,4,19,64,15,2,16,0,42,26,5,78,1,25,27,16,26,5,10,2,15,6,1,4,1
1127,3,3004,488,4,24,72,19,6,55,0,69,52,12,134,5,13,23,21,27,2,4,12,14,13,2,0,2
1112,5,1788,297,4,16,52,15,1,12,0,44,27,3,84,0,16,19,8,13,3,8,4,16,8,2,2,1
1113,3,1990,332,4,16,54,12,0,36,0,37,30,7,88,1,11,26,13,22,4,5,2,12,9,3,2,2
1120,4,1510,253,4,14,58,7,0,19,0,30,24,8,44,3,26,11,9,21,11,1,7,9,9,0,4,2
1121,4,3001,486,4,21,74,13,0,64,1,63,60,4,120,6,7,38,19,20,8,10,12,17,7,1,3,0
1122,4,2216,378,4,25,74,16,2,34,2,40,43,12,84,1,24,14,12,30,0,5,6,14,19,2,4,3
1123,4,2842,438,5,22,56,38,0,31,0,60,44,6,127,7,11,24,12,15,2,6,7,21,5,4,1,1
1124,5,1483,249,4,12,58,7,0,19,0,30,23,8,41,6,24,12,9,21,9,2,8,9,9,0,4,2
1125,4,3188,559,4,31,107,19,1,54,0,71,44,11,137,3,35,21,19,33,5,11,12,10,36,6,5,1
1134,3,2419,368,5,17,53,6,0,68,1,60,35,6,93,10,6,16,9,12,0,8,11,9,13,1,1,1
1139,4,1823,316,4,17,60,5,0,52,1,47,36,9,75,1,6,16,1,10,16,0,21,4,9,0,0,5
1145,4,2061,358,4,20,69,19,7,41,0,49,26,3,91,0,18,15,6,13,6,13,5,17,15,2,1,4
1149,4,1915,282,5,17,50,11,3,24,3,39,35,17,71,3,6,10,5,24,1,1,8,6,10,2,2,0
1151,4,2256,394,4,27,87,15,3,32,1,41,28,5,95,6,18,17,23,26,4,6,14,29,8,1,7,2
1153,2,953,163,4,13,35,7,0,16,2,20,8,6,42,0,9,14,6,16,1,1,1,11,5,1,1,0
1160,4,2491,442,4,31,92,11,1,38,0,58,44,2,119,7,22,19,17,12,2,22,9,19,28,1,0,5
1161,5,2866,499,4,27,94,16,2,49,1,66,43,10,119,2,32,20,17,31,2,9,9,8,35,4,6,1
1164,3,1990,316,4,22,53,3,3,33,0,41,25,8,90,5,11,15,10,15,3,6,2,7,20,5,1,1
1170,3,1834,316,4,15,45,8,2,45,2,54,24,5,90,2,10,11,3,9,1,3,6,10,16,3,3,2
1171,2,2439,382,4,17,54,16,6,55,2,55,37,8,111,2,5,16,7,15,1,6,4,11,17,0,4,3
1182,4,1530,297,3,22,62,9,3,25,5,36,24,10,50,1,26,23,17,25,4,2,6,19,6,1,4,2
1184,2,2343,365,4,14,52,3,1,61,3,65,51,6,94,4,3,7,10,14,3,4,13,8,10,1,1,1
1185,4,1948,333,4,19,55,4,1,34,0,46,32,3,69,3,13,22,9,11,0,5,4,23,12,0,10,1
1186,3,2304,361,4,24,60,9,2,40,1,42,38,6,104,3,8,19,15,19,4,5,4,20,8,0,2,2
1190,3,2549,411,4,23,75,5,3,42,2,38,59,4,98,3,13,29,15,20,3,4,9,29,10,3,5,3
1202,3,2854,460,4,20,68,9,4,76,0,73,38,3,123,11,4,29,14,17,3,7,10,7,24,3,1,0
1205,3,1989,303,5,16,53,13,1,27,0,41,20,11,80,1,6,30,12,21,0,11,5,5,11,3,3,0
1206,3,1590,291,4,20,62,12,4,38,1,30,15,9,62,2,24,17,7,20,3,6,7,15,11,2,3,4
1207,3,1315,209,4,10,29,5,2,30,0,38,17,5,58,2,5,10,1,8,3,0,3,11,4,2,0,1
1210,4,2840,463,4,26,82,13,1,17,0,62,49,7,129,0,25,19,23,26,13,8,5,21,9,0,2,6
1211,3,2059,329,4,16,54,14,3,24,0,42,23,10,90,7,10,27,9,19,2,2,8,7,16,8,3,2
1216,3,1827,272,5,14,35,8,1,28,2,51,35,5,87,0,2,8,2,8,1,2,6,7,11,3,2,4
1222,3,1419,245,4,18,39,6,2,21,1,38,20,7,66,1,14,10,9,14,2,4,3,8,8,2,0,1
1226,4,1454,277,3,14,49,8,5,25,1,36,18,2,53,5,29,15,20,14,18,2,2,11,2,1,0,0
1237,5,2863,501,4,27,94,16,1,49,1,66,43,11,121,2,32,20,17,31,2,9,9,7,36,4,6,1
1238,2,916,163,4,7,29,8,0,11,0,16,11,1,28,6,14,17,8,9,5,0,7,4,4,0,1,1
1239,5,1400,244,4,13,50,10,2,27,0,30,13,8,63,1,12,17,5,13,0,3,11,15,8,1,1,1
1241,5,2189,361,4,21,67,13,1,41,1,46,33,15,82,3,22,17,5,21,1,11,4,22,8,1,2,1
1242,5,1732,293,4,19,62,11,8,31,0,36,32,9,68,2,7,10,6,12,0,9,8,20,13,3,4,5
1243,5,2118,370,4,24,80,12,3,31,1,39,28,5,87,4,16,17,23,25,5,3,14,26,7,1,7,2
1244,5,2560,448,4,32,84,8,1,44,1,63,43,0,132,7,12,16,16,11,1,19,9,15,29,1,0,3
1245,5,2858,499,4,31,94,15,1,48,1,65,43,11,122,2,32,20,17,29,2,9,9,8,37,4,6,1
1249,3,1539,260,4,14,37,5,1,33,0,35,27,12,72,4,6,10,9,17,1,1,6,5,7,2,1,2
1260,2,1867,287,5,13,45,12,1,42,0,41,29,8,85,0,3,10,7,16,1,6,9,3,10,0,1,1
1266,2,2153,331,4,17,51,15,0,44,2,48,37,9,93,2,2,16,9,19,1,8,6,6,11,0,1,0
1272,5,5785,1007,4,49,160,35,8,123,4,114,106,32,214,20,43,53,33,54,49,13,23,7,14,4,4,5
1273,3,2438,410,4,20,74,3,2,29,0,61,43,16,92,0,29,28,14,34,5,14,2,17,2,1,2,0
1275,3,1602,265,4,16,44,6,4,33,0,37,23,8,62,12,9,16,6,16,2,4,2,3,17,2,0,0
1280,2,2001,305,4,17,50,8,2,21,0,38,33,11,89,0,13,22,6,18,1,5,5,8,13,7,2,0
1293,3,1774,289,4,14,38,13,1,35,1,46,33,5,79,5,7,16,8,16,1,0,6,11,4,1,0,0
1307,3,2094,304,5,15,39,4,3,28,0,49,36,1,104,5,4,16,8,11,1,6,4,8,9,1,2,0
1308,3,1987,316,4,16,57,3,2,37,1,38,32,4,81,2,11,19,14,12,5,2,8,12,18,3,3,7
1311,6,2390,413,4,19,85,15,1,47,1,44,29,6,91,3,26,16,23,27,21,16,6,8,7,3,4,5
1312,5,6278,1109,4,57,234,44,5,111,1,118,69,22,233,7,86,58,61,96,54,37,11,18,18,5,7,10
1318,3,2040,305,5,15,37,7,1,57,0,54,27,5,94,5,1,13,4,9,0,10,1,9,8,0,0,0
1320,2,849,151,4,10,32,4,0,13,0,18,5,8,29,0,12,15,8,20,0,0,2,10,0,0,0,4
1322,3,1617,252,4,16,42,18,0,15,0,31,18,3,76,1,8,20,5,12,1,2,7,16,4,0,2,1
1348,4,3080,459,5,22,77,10,7,44,2,52,64,11,110,16,11,26,17,28,3,6,9,16,15,7,0,3
1354,4,2467,408,4,22,72,7,3,21,0,67,40,15,90,7,32,25,7,27,7,13,7,15,3,0,0,3
1356,0,4885,849,4,39,173,37,4,83,1,89,54,14,181,3,62,42,46,61,45,29,12,12,14,3,8,7
1357,4,2054,388,3,24,82,16,0,32,5,41,28,8,68,1,30,33,17,24,17,13,4,9,15,1,1,9
1358,2,1463,245,4,15,43,4,0,44,0,26,19,10,65,1,6,7,11,22,1,3,5,5,7,4,0,1
1361,4,1727,298,4,19,51,15,2,29,0,30,30,7,63,3,21,16,14,18,13,8,2,5,5,2,0,0
1580,3,1787,303,4,19,54,8,0,16,1,44,13,10,90,2,17,10,5,20,0,3,3,21,7,3,1,6
1583,3,2498,376,5,19,55,10,1,39,0,52,54,9,87,16,7,33,6,15,4,6,9,9,12,3,1,0
1590,3,2482,419,4,20,75,13,3,34,1,44,44,12,84,20,18,33,18,35,5,8,7,9,11,2,2,9
1591,3,2352,364,5,15,59,19,1,33,1,43,32,6,99,6,12,28,14,24,3,7,4,14,7,3,2,3
1592,2,1475,223,5,14,31,6,1,14,0,30,29,11,67,2,5,11,4,17,2,3,1,8,0,1,1,0
1598,5,1725,299,4,16,58,15,2,33,0,37,18,8,80,1,12,19,6,13,0,5,11,21,8,1,1,1
1599,5,2297,374,4,22,68,14,1,43,1,47,39,15,87,3,20,14,6,23,1,11,5,21,7,0,2,1
1602,4,1746,295,4,14,51,14,0,17,2,41,40,7,77,0,11,24,3,14,4,10,5,14,4,4,3,2
1606,3,2347,385,4,19,56,14,1,35,0,57,30,10,112,15,6,31,8,20,0,8,4,12,12,1,2,0
1609,4,1742,305,4,19,49,11,0,36,3,36,32,12,67,2,23,21,4,14,4,6,2,13,10,0,2,1
1610,3,1327,226,4,14,28,6,1,38,0,24,32,5,60,0,5,8,7,10,3,0,2,5,8,0,3,0
2559,4,3584,542,5,21,95,31,2,38,0,67,69,11,129,4,21,41,15,28,1,15,17,11,23,11,1,2
1614,3,1589,247,4,12,34,6,1,30,1,41,25,8,64,14,6,12,4,10,0,3,3,0,18,2,0,1
1633,4,1631,254,5,13,36,13,3,28,0,34,30,7,60,1,8,15,2,11,1,3,3,14,4,2,2,1
1645,3,1545,242,4,14,32,5,0,20,0,30,24,6,77,2,9,15,7,10,0,2,1,14,5,1,1,2
1646,3,2603,425,4,23,62,13,12,44,4,62,35,19,109,12,9,24,11,24,2,6,10,4,16,0,1,0
1651,2,1105,185,4,14,33,9,2,12,0,28,18,2,35,14,13,13,4,3,2,6,7,6,9,0,0,0
1663,3,2502,393,4,22,57,14,0,31,4,60,45,11,116,1,10,26,7,16,9,5,5,16,6,0,3,3
1696,3,1677,283,4,16,59,11,0,17,3,33,24,13,70,0,12,15,12,30,1,3,7,12,6,1,5,5
1704,4,2472,415,4,22,88,12,1,24,0,32,44,14,96,1,34,34,26,45,8,1,5,24,5,0,1,3
1707,4,2147,374,4,22,71,15,0,34,1,44,39,8,84,2,18,33,8,20,3,8,9,15,16,1,0,6
1712,4,1571,267,4,21,48,9,2,25,0,35,21,3,62,14,14,17,9,9,1,8,7,12,11,0,0,1
1717,3,1940,322,4,17,53,8,0,27,2,49,22,9,92,2,16,20,11,15,2,3,5,20,8,1,3,4
1722,4,3428,621,4,41,120,25,8,49,1,73,39,20,95,56,51,33,29,52,8,10,12,16,22,1,4,4
1732,4,1539,258,4,16,40,7,0,28,1,34,32,3,73,1,9,16,6,8,1,3,3,8,17,0,0,2
1733,4,2215,398,4,26,65,21,1,34,3,35,52,11,92,4,19,13,18,25,0,6,10,19,5,1,0,4
1740,5,1362,255,3,19,54,15,1,22,1,25,21,5,59,2,20,17,10,24,0,3,3,16,8,1,1,3
1751,4,1630,243,5,19,35,2,3,30,2,36,33,10,67,6,2,8,4,12,0,3,2,2,16,1,0,1
1755,4,1480,250,4,11,50,4,1,33,0,39,20,10,60,2,9,11,5,14,0,10,9,1,16,1,1,1
1759,4,1934,290,5,16,58,11,0,27,0,28,24,4,83,0,3,19,9,14,5,15,11,9,4,3,1,2
1785,4,1649,267,4,17,40,14,0,21,0,36,39,10,79,1,5,6,6,16,0,4,4,8,8,1,0,0
1796,4,1283,216,4,11,33,3,2,26,0,36,22,3,54,5,8,9,7,10,8,2,1,0,12,2,0,0
1797,4,1739,289,4,15,76,6,1,23,0,26,18,11,46,6,24,21,14,25,2,11,11,15,12,7,1,0
1823,5,2138,337,4,19,58,7,0,18,0,41,26,13,95,1,15,21,10,28,9,2,1,12,6,0,3,2
1826,1,1727,320,4,21,53,9,0,59,0,46,14,7,92,4,10,9,9,16,4,1,6,15,11,2,2,1
1827,3,1719,310,4,19,64,8,1,15,0,35,29,8,64,2,34,19,12,21,14,4,2,15,8,0,2,9
1830,4,1764,337,3,15,78,8,1,36,2,38,12,14,60,0,36,21,17,32,4,9,4,21,8,3,2,1
1834,2,1654,276,4,13,43,4,1,44,0,41,22,8,77,6,5,12,11,18,0,4,4,1,16,2,0,0
1843,4,1605,287,4,14,56,11,3,21,2,29,21,6,57,1,17,17,19,22,1,10,1,17,5,2,1,4
1860,4,2255,366,4,26,77,16,3,37,4,46,40,9,69,1,16,32,6,18,13,5,14,8,19,3,0,3
1867,2,1248,211,4,14,44,8,0,18,1,33,17,3,53,1,11,13,1,7,8,9,7,8,5,0,0,0
1930,4,2056,324,4,20,68,8,0,34,0,27,21,6,82,4,12,19,22,23,7,5,12,10,11,2,0,4
1932,4,2242,389,4,18,98,17,1,31,1,34,34,5,74,0,28,22,17,32,0,9,9,34,14,17,1,0
1935,4,1871,344,3,19,59,10,8,21,2,49,18,15,82,1,33,19,8,23,2,1,3,25,5,2,0,5
1936,4,2214,362,4,19,73,11,1,31,0,50,30,6,95,0,14,16,15,24,0,11,11,19,8,0,1,0
1940,4,2058,327,4,29,64,22,0,29,3,32,18,9,93,1,14,22,11,20,2,7,9,18,8,0,1,1
1941,2,1469,248,4,19,50,2,1,15,1,29,17,12,55,0,18,11,10,24,0,3,1,19,3,0,4,1
1950,1,3091,502,4,32,87,23,4,46,1,60,59,2,128,0,19,29,19,18,6,4,17,13,29,3,0,1
1951,3,2484,404,4,23,55,13,8,61,3,53,32,15,117,2,7,20,15,25,3,3,3,7,14,1,1,0
1952,1,2518,432,4,19,65,10,6,53,1,67,66,6,104,0,11,23,11,18,3,4,9,9,22,2,0,1
1953,2,2250,345,5,17,61,8,2,39,2,54,34,9,90,0,7,24,8,15,2,13,8,3,20,4,0,0
1954,1,3507,588,4,33,96,18,2,52,4,70,59,12,130,1,43,51,19,34,6,14,8,12,22,2,0,3
1955,2,2863,459,4,26,81,16,0,50,10,52,32,32,109,2,10,32,13,42,0,16,6,8,9,1,2,0
1956,2,3147,483,5,24,74,10,2,62,2,69,40,27,138,0,3,30,12,37,0,16,4,6,11,5,1,0
1957,2,2302,382,4,18,64,22,1,34,1,58,33,8,96,1,14,16,13,26,2,11,1,14,10,2,2,1
1964,4,1714,296,4,13,67,8,5,19,1,31,15,17,59,1,18,29,14,37,0,6,3,12,9,4,2,1
1970,4,2427,420,4,19,92,14,0,35,3,42,30,12,102,2,15,25,15,29,1,7,9,28,18,8,13,2
1986,4,1558,248,4,16,50,5,0,20,0,33,23,11,70,0,6,15,9,19,0,6,11,10,4,1,0,1
1992,3,1476,252,4,22,58,15,0,15,0,25,17,4,43,1,38,29,2,17,1,4,8,26,2,2,1,2
2002,4,2063,314,5,20,53,19,4,29,1,51,30,2,92,0,7,20,4,3,1,1,15,18,15,2,0,0
2008,3,2014,328,4,21,67,10,0,32,2,49,24,10,84,1,14,19,6,18,10,9,12,9,9,1,1,1
2012,4,1940,300,4,21,59,9,1,35,0,30,33,3,74,2,5,21,10,14,0,9,3,9,24,3,2,1
2016,4,2387,392,4,18,77,14,2,29,0,54,30,7,105,0,22,22,14,25,8,14,4,15,11,1,0,4
2017,4,1978,342,4,18,65,13,6,31,0,52,21,6,82,0,23,14,9,16,3,16,2,22,6,3,0,6
2020,3,1970,324,4,18,59,8,4,30,1,33,36,5,78,1,8,30,15,20,1,7,5,10,16,0,2,2
2038,2,1782,283,4,19,50,8,1,19,1,42,23,13,77,1,9,12,15,32,0,3,1,10,4,2,0,2
2050,4,1444,239,4,19,39,14,1,17,0,21,32,7,52,0,13,21,7,17,0,3,1,14,4,2,0,2
2055,3,2039,311,4,14,67,10,1,13,0,40,34,7,78,0,22,14,14,21,6,14,5,17,4,1,10,2
2057,4,2014,344,4,18,86,1,0,28,1,25,29,8,81,1,12,17,32,39,0,11,3,23,10,2,10,2
2254,4,2249,381,4,19,67,20,3,44,0,56,26,8,107,3,12,11,11,18,6,11,11,18,3,1,0,4
2261,3,3211,526,4,31,92,16,2,61,1,80,62,7,112,3,25,29,18,20,6,15,16,15,20,3,0,0
2278,3,1739,273,4,13,40,8,4,24,0,55,18,1,101,1,3,4,8,6,1,4,7,12,10,3,0,1
2281,4,2049,320,4,18,61,11,1,35,1,34,18,10,83,11,7,19,12,25,0,8,4,8,16,1,6,1
2306,2,1849,290,4,20,57,11,1,23,0,36,21,5,80,2,14,16,11,20,3,3,14,4,13,1,1,1
2289,3,1202,227,3,13,45,7,2,26,1,25,27,8,46,0,10,14,9,20,0,6,5,5,9,0,0,4
2290,4,2639,457,4,30,92,20,2,25,0,52,45,11,79,13,47,45,9,36,6,7,7,28,8,2,1,4
2300,4,2372,381,4,16,56,9,3,34,1,77,29,2,116,1,12,13,13,14,2,7,5,19,9,1,1,0
3898,3,2040,307,5,20,57,10,1,23,0,35,40,5,81,1,8,30,11,21,0,9,4,11,12,0,0,4
2321,4,1729,259,5,12,49,9,6,29,1,37,7,6,76,9,3,19,3,10,10,9,8,7,5,4,0,0
2348,4,2230,387,4,16,58,17,11,34,0,58,24,8,107,1,10,14,9,15,7,5,10,13,8,0,2,2
2349,4,1850,286,4,16,49,9,0,30,0,36,20,5,79,2,13,18,14,20,4,4,6,8,7,0,0,0
2597,2,3285,491,5,32,80,10,3,64,4,62,49,11,119,28,9,38,11,25,12,9,6,11,17,3,2,0
2603,4,2736,405,5,19,65,10,0,45,0,52,46,2,132,4,5,20,13,15,2,12,7,9,20,3,0,0
2604,4,2051,350,4,21,71,10,2,28,0,47,25,6,65,1,25,29,22,30,13,6,5,13,4,1,5,2
2610,4,1607,288,4,17,49,8,4,29,0,33,18,8,70,5,14,13,21,26,2,3,1,6,11,1,0,0
2614,5,3091,449,5,19,68,26,0,38,0,66,53,4,116,6,10,32,13,14,2,8,16,11,17,8,0,1
2616,3,1711,247,5,12,42,4,3,36,0,25,21,3,77,0,6,14,12,14,3,8,3,4,10,3,0,0
2617,4,2238,404,4,25,74,16,2,40,2,40,46,15,76,3,31,28,21,38,0,14,2,9,11,0,0,1
2619,6,6285,1015,4,53,141,53,3,104,3,131,87,21,248,46,61,44,32,35,28,21,19,15,23,8,6,2
2622,4,2082,330,4,16,53,10,4,36,1,44,32,8,88,6,8,19,16,17,2,1,7,7,19,0,2,1
2628,3,2060,366,4,27,86,11,4,35,3,38,21,7,85,0,22,20,29,36,0,8,6,19,17,4,1,1
2636,4,2400,379,4,20,68,12,1,26,1,45,35,18,97,3,20,13,16,35,2,17,2,6,6,0,1,4
2641,2,1601,274,4,22,50,7,0,22,2,26,30,7,54,2,19,21,14,21,1,5,0,18,5,1,1,2
2642,4,2240,350,4,33,62,18,3,23,2,37,55,5,106,2,7,12,4,9,8,7,4,12,22,3,0,4
2644,4,2386,382,4,17,64,20,1,27,1,55,46,5,109,1,14,18,12,14,5,7,8,19,11,2,0,2
2650,3,1834,301,4,16,60,9,0,15,0,48,16,9,79,0,20,19,8,17,2,16,3,13,9,3,0,3
2652,3,1781,284,4,13,46,6,0,43,0,34,13,10,75,4,7,15,11,16,2,4,3,9,12,2,2,0
2657,4,2024,322,4,19,61,7,3,25,0,39,34,11,95,0,7,25,10,19,1,13,6,17,5,0,2,0
2658,3,2336,377,4,20,64,15,2,32,1,56,41,12,85,2,10,20,11,21,9,4,7,16,7,2,6,2
2661,3,1224,198,4,13,42,10,0,10,0,20,19,4,44,1,11,13,9,15,2,8,2,12,3,1,1,2
2675,4,3415,515,5,23,81,34,2,48,0,66,50,3,152,9,7,33,16,19,8,11,16,9,18,6,2,1
2680,3,1959,352,4,17,48,9,4,43,1,48,27,8,87,14,17,17,13,20,7,6,3,9,3,3,2,4
2686,3,2404,422,4,30,92,22,1,29,8,41,26,25,86,2,28,30,12,40,2,18,6,20,6,1,2,0
2694,4,2189,400,3,30,82,13,2,28,6,50,32,14,95,0,28,32,7,23,1,11,11,23,13,0,5,3
2695,3,2117,359,4,15,69,7,5,49,0,55,15,8,101,8,5,24,10,22,6,4,11,2,24,2,0,0
2696,2,2042,343,4,17,47,8,3,40,1,50,26,12,104,3,9,13,7,23,3,4,4,9,4,2,1,3
3892,4,1784,329,4,14,56,17,0,35,3,40,27,13,75,3,15,18,12,26,2,3,5,14,6,5,0,2
2705,4,2240,399,4,23,79,11,10,34,2,50,32,10,87,0,26,19,20,31,11,5,8,22,2,1,1,3
2709,2,3205,485,5,31,60,13,5,61,3,76,42,12,142,20,4,29,9,23,3,3,5,8,18,2,0,1
2715,4,2920,440,5,18,75,10,3,23,0,53,67,8,128,3,15,18,17,23,5,11,10,12,14,4,2,1
2722,3,1562,250,4,18,48,9,2,30,0,31,22,3,66,0,8,5,7,9,0,6,2,17,14,1,4,1
2724,3,1178,192,4,16,38,3,0,11,1,18,26,3,35,2,21,18,8,11,13,2,1,9,2,1,2,1
2731,4,2518,397,4,18,59,27,1,35,3,50,43,7,108,5,15,25,5,14,5,8,7,13,12,5,2,6
3888,4,1904,290,5,19,53,7,1,12,1,34,22,6,91,8,9,19,13,18,6,4,6,13,6,2,2,1
3890,2,3063,531,4,23,92,18,4,64,0,87,41,6,134,0,15,34,17,26,0,11,8,24,23,8,3,1
2738,3,1423,252,4,19,45,5,0,21,0,26,20,3,68,6,16,12,11,18,0,6,0,15,6,1,0,7
2740,3,2018,382,3,22,86,15,1,26,2,42,26,8,81,2,33,25,21,33,10,12,5,15,11,0,0,3
2743,4,2027,379,4,17,69,8,1,49,1,39,43,13,74,0,24,18,24,36,2,7,3,12,9,1,0,6
2744,4,2649,448,4,23,60,8,2,39,0,65,50,9,120,10,19,20,18,24,9,10,4,11,2,1,2,3
2747,3,2110,333,4,17,52,15,3,29,1,50,36,6,91,0,8,13,11,18,0,7,1,17,9,2,0,0
2749,4,2665,439,4,32,93,21,5,18,8,39,36,33,104,1,26,26,10,43,3,9,13,16,9,3,3,4
2750,4,2508,418,4,37,89,14,4,23,7,41,40,8,109,0,20,34,15,26,3,6,8,27,19,1,4,5
2755,3,2006,320,4,16,50,8,0,29,3,46,25,11,94,3,3,29,6,19,2,6,3,8,12,6,1,0
2760,3,1671,269,4,16,47,9,1,20,0,35,19,3,68,14,5,17,8,13,9,0,11,5,9,1,1,1
2763,4,3009,484,4,21,76,12,4,41,0,74,60,14,134,2,17,19,13,24,16,4,13,11,8,3,0,3
2764,4,2801,447,4,20,62,17,1,57,3,66,42,3,116,10,15,25,10,9,1,8,7,10,27,6,1,2
2766,4,1893,313,4,13,44,10,1,35,0,40,36,7,94,0,4,17,18,21,1,7,1,7,7,1,0,1
2767,3,2277,363,4,23,59,24,4,17,0,43,41,0,96,1,12,21,15,12,2,12,6,14,13,1,1,0
2770,4,1529,261,4,14,49,14,0,22,0,32,20,5,69,1,12,16,9,15,1,5,4,16,8,1,5,1
2771,3,3234,520,4,22,65,24,0,72,0,68,56,2,129,17,12,33,27,16,3,3,6,20,17,6,1,1
2772,4,1568,244,4,16,39,8,3,29,0,40,19,2,71,7,4,11,7,9,1,4,9,11,5,1,0,0
3002,3,1699,268,4,13,40,8,0,20,0,43,26,3,85,3,8,13,7,12,0,5,1,12,10,1,1,3
3003,4,2048,303,5,19,49,7,1,18,2,39,33,9,85,12,8,25,6,14,1,2,7,8,17,4,0,0
3005,4,1483,234,4,17,47,5,1,11,0,26,22,9,70,0,4,13,11,18,2,2,6,9,10,2,4,0
3007,4,1722,304,4,17,59,6,3,30,2,36,27,5,65,5,21,22,11,13,8,13,7,6,12,1,2,2
3008,4,2308,395,4,21,82,10,3,31,1,44,40,8,88,4,25,22,19,29,11,9,6,22,5,4,2,3
3009,4,1680,275,4,15,39,10,4,30,0,42,35,5,66,0,12,13,9,10,1,5,3,13,7,1,1,1
3014,3,1555,243,4,15,41,8,1,31,1,28,28,7,65,0,12,13,8,11,3,6,2,5,14,1,0,0
3015,3,1446,262,4,14,58,8,7,29,0,31,12,8,59,2,14,17,11,20,0,12,1,5,20,0,0,3
3019,4,1637,249,4,14,40,10,3,28,1,37,16,6,72,3,1,8,6,12,0,6,3,5,14,4,0,3
3023,3,1126,182,4,13,29,3,0,25,0,21,20,5,49,1,9,13,8,14,2,0,1,1,11,1,0,0
3024,4,3581,543,5,23,73,15,2,67,0,90,73,9,152,0,4,29,19,19,1,5,22,9,17,3,5,1
3025,3,1794,283,4,15,46,11,2,22,0,38,27,3,86,0,9,7,14,17,3,5,3,12,6,0,0,2
3027,4,1300,216,4,13,40,6,0,17,1,30,18,3,45,2,15,16,8,13,4,3,3,15,2,0,3,0
3032,3,1790,301,4,28,52,9,0,23,0,31,26,6,74,1,32,20,8,14,9,2,4,14,9,1,0,6
3035,3,2055,346,4,16,68,9,2,21,0,43,34,9,69,3,28,15,19,24,2,7,5,26,4,2,16,3
3049,3,1340,230,4,17,34,8,1,19,0,31,23,9,67,0,10,8,6,12,0,0,5,8,9,0,0,2
3052,4,2916,470,4,19,86,29,1,43,2,66,51,3,114,0,15,29,17,21,3,12,14,18,18,4,4,2
3058,4,1534,227,5,16,38,5,2,19,2,32,32,2,65,1,4,14,5,7,0,4,1,10,16,0,2,0
3059,4,3287,507,4,24,79,21,1,25,0,65,69,0,155,5,16,21,13,18,5,13,4,24,15,3,2,2
3060,3,2480,411,4,23,59,20,1,40,3,51,40,13,123,1,5,22,18,25,0,4,4,14,12,0,1,0
3061,4,3137,501,4,18,74,23,0,53,0,70,54,11,132,3,12,36,20,28,0,9,15,8,14,3,2,1
3062,4,2337,354,5,22,62,19,1,26,2,40,50,7,80,3,21,24,8,11,5,8,8,15,15,4,1,4
3068,3,1732,267,4,17,51,4,0,27,0,43,21,4,73,3,11,14,11,8,8,6,9,5,15,2,0,2
3069,4,2152,353,4,16,45,12,2,50,2,52,38,6,101,0,6,19,13,14,2,9,2,12,6,1,0,2
3072,4,1673,284,4,21,50,10,3,28,1,33,27,8,83,0,6,10,6,13,3,4,6,15,9,1,0,0
3075,4,1713,257,5,16,48,5,0,31,2,25,17,12,55,30,3,19,5,18,6,5,3,5,11,3,2,0
3077,4,3290,520,4,21,81,16,4,66,3,69,63,18,129,8,4,32,12,25,1,13,8,13,21,5,2,2
3080,3,1640,273,4,19,45,4,3,24,0,40,29,13,67,0,18,10,3,17,3,7,1,10,7,1,1,1
3082,3,2009,343,4,23,56,13,5,46,2,33,36,13,80,1,12,19,15,27,1,4,3,10,11,0,0,6
3083,4,3609,589,4,23,82,23,1,76,0,74,64,4,147,16,18,41,29,15,1,5,16,29,16,10,2,2
3084,3,3409,513,5,28,90,3,1,50,2,68,49,12,139,16,11,37,17,27,3,17,7,7,29,2,0,0
3086,3,1540,243,4,16,41,7,0,23,0,34,23,6,61,12,9,15,7,14,1,3,2,7,14,1,1,0
3088,4,1666,267,4,14,41,14,2,36,0,34,42,8,62,1,8,8,9,19,0,1,6,9,6,2,0,0
3089,2,1797,358,3,16,70,17,1,34,1,36,24,9,80,0,27,24,21,28,9,2,5,17,9,6,2,3
3090,4,1986,322,4,17,47,14,2,50,1,39,19,3,80,30,6,16,8,7,3,6,8,2,21,5,0,0
3092,3,1526,248,4,15,36,9,0,26,0,34,34,4,70,1,8,11,7,14,0,2,3,9,8,1,2,1
3095,3,2513,391,5,19,52,22,8,39,0,55,30,5,116,1,4,22,10,12,2,8,5,21,4,2,2,2
3096,3,1927,320,4,16,49,16,1,25,0,50,35,8,83,3,18,12,9,16,5,4,1,12,11,4,1,2
3097,3,2325,381,4,18,65,9,1,28,1,52,37,6,108,1,17,13,21,24,8,7,5,13,8,0,1,2
3098,3,2180,371,4,20,57,5,2,22,1,55,44,9,75,9,36,15,17,19,17,4,3,12,2,2,5,3
3105,4,2995,482,4,18,54,18,0,72,0,79,68,2,110,6,20,21,13,15,2,7,7,9,14,3,0,0
3107,3,2003,318,4,15,54,10,1,14,0,43,49,6,69,3,22,10,11,15,7,5,3,23,1,2,14,1
3109,5,1737,288,4,19,51,10,3,28,2,40,33,4,59,1,19,22,6,10,2,11,3,14,11,2,0,1
3112,4,3504,535,5,20,68,47,3,56,0,79,47,7,163,2,10,26,16,22,1,7,12,25,1,5,0,0
3117,5,2231,364,4,16,47,11,2,42,1,54,45,4,106,1,6,17,14,14,3,7,3,9,11,2,1,1
3126,4,1645,263,4,15,36,3,1,29,1,41,38,10,66,0,7,12,5,15,1,4,5,4,7,1,0,1
3207,3,3213,540,4,24,97,27,4,29,0,72,63,19,110,4,30,41,21,35,7,13,13,18,11,3,4,2
3128,3,1438,242,4,13,45,7,1,18,3,31,34,3,55,4,7,16,6,9,5,1,8,17,5,4,1,0
3129,3,1693,295,4,14,55,5,4,27,1,41,21,6,70,0,21,9,19,28,1,10,1,13,2,2,1,1
3130,3,1522,243,4,17,49,10,6,21,0,22,16,9,70,1,5,13,14,25,4,6,3,9,2,4,0,0
3136,3,1751,296,4,16,53,10,3,22,1,40,23,7,79,0,21,10,16,26,0,8,2,8,9,2,0,0
3142,2,1279,204,4,14,34,6,3,16,1,29,23,5,53,1,5,15,11,9,1,5,7,3,9,0,0,1
3150,3,1672,280,4,14,44,7,0,22,3,33,31,12,70,2,16,19,7,20,3,0,5,13,3,2,2,4
3151,3,1668,301,4,14,68,12,2,24,0,35,24,2,63,0,20,26,9,13,2,2,11,21,19,2,8,2
3152,4,1457,255,4,13,50,6,1,19,2,26,26,5,55,0,17,18,14,18,4,8,4,10,6,1,0,3
3159,4,2195,343,4,18,60,6,1,43,2,46,24,8,111,0,5,23,13,21,4,5,7,4,19,0,0,0
3161,3,1422,207,5,14,44,7,2,14,0,28,17,0,61,0,6,12,12,10,4,5,6,7,12,0,0,2
3175,3,1605,269,4,17,43,14,0,20,0,28,28,9,74,2,11,18,14,23,0,2,2,14,2,0,5,1
3184,3,1324,211,4,11,34,3,0,20,0,33,26,4,60,2,7,8,8,13,0,3,2,7,9,1,2,1
3185,3,1895,339,4,17,64,5,3,28,0,36,34,14,71,1,27,15,14,21,1,9,11,13,9,1,1,5
3186,3,1360,232,4,11,41,7,1,21,0,34,24,7,51,0,8,19,8,16,0,1,6,12,6,4,0,1
3190,3,1761,284,4,18,52,11,1,20,1,33,26,12,84,1,9,13,9,20,2,7,9,8,6,0,0,5
3196,2,1624,263,4,20,42,13,0,22,3,32,26,10,71,3,6,19,8,20,0,2,5,7,8,0,1,2
3204,2,1472,251,4,12,46,11,0,16,1,29,29,10,59,1,5,12,4,10,0,8,6,13,9,0,3,0
3205,2,2073,335,4,27,53,13,0,36,1,40,25,13,88,2,13,27,10,22,1,3,4,11,12,1,1,2
3206,4,1690,278,4,17,55,5,1,17,2,37,29,4,74,1,10,21,6,10,10,6,10,14,5,6,0,1
3214,3,1936,340,4,18,54,9,1,36,1,45,29,8,87,1,17,20,13,21,1,2,7,12,11,1,1,1
3215,4,2152,346,4,20,58,19,3,28,0,49,26,2,98,0,19,18,9,16,2,7,4,13,16,0,0,2
3221,3,1534,247,4,12,43,11,0,12,0,32,34,9,64,0,6,16,6,13,1,11,4,9,5,2,2,1
3222,2,1327,195,4,11,32,9,1,6,0,29,25,3,56,1,16,17,6,10,0,6,4,9,3,1,0,0
3225,3,1452,246,4,13,36,12,1,22,3,31,28,6,65,0,15,16,4,10,0,5,2,12,7,1,1,3
3226,3,2076,367,4,20,64,6,0,38,0,54,27,11,93,1,19,17,18,29,7,3,11,8,6,1,0,1
3227,4,2110,349,4,19,61,19,0,36,1,42,32,5,94,1,18,25,6,17,2,15,5,11,11,1,1,5
3236,3,1838,297,4,18,41,12,0,42,0,33,28,9,94,1,5,10,12,19,2,5,3,4,8,2,2,1
3237,2,1254,192,4,9,29,9,0,17,0,26,20,5,56,3,6,8,6,11,1,4,5,4,4,0,1,2
3239,2,1326,238,4,12,39,7,0,24,0,31,15,3,57,1,16,11,15,15,1,6,2,14,1,2,1,4
3242,4,1752,285,4,15,45,7,0,46,1,38,16,7,85,4,2,13,9,16,0,3,6,8,12,2,2,2
3245,4,1229,197,4,14,40,5,1,14,0,26,22,4,55,0,8,11,9,13,0,2,4,8,13,1,2,2
3249,3,1597,268,4,12,39,14,0,17,0,34,20,12,83,1,11,14,8,18,1,5,4,6,5,6,0,4
3251,4,2009,321,4,15,63,12,0,20,0,40,28,4,94,2,13,18,12,18,6,11,3,21,4,3,3,3
3260,3,2156,374,4,19,61,19,2,41,0,51,44,8,83,1,26,13,11,20,8,4,4,19,6,1,4,2
3265,2,944,158,4,11,26,6,1,10,0,22,15,6,47,0,10,12,1,7,0,5,3,10,1,1,0,1
3266,2,1138,181,4,10,32,6,1,15,1,25,20,3,47,0,7,8,7,4,0,3,9,4,12,0,0,4
3268,3,1592,278,4,17,51,8,1,24,0,42,27,3,63,4,21,26,6,10,7,4,6,10,14,0,1,2
3269,3,2167,327,5,17,59,17,1,18,1,42,16,16,93,1,13,24,8,24,0,10,6,15,4,3,0,3
3280,3,2497,445,4,27,92,11,3,29,1,45,36,18,118,1,27,32,13,32,11,11,5,17,16,3,4,0
3281,3,1879,281,5,19,50,7,3,25,1,39,25,5,79,1,7,13,11,18,1,6,2,11,12,2,1,0
3283,2,1652,301,3,14,60,13,2,20,1,37,28,2,70,4,26,20,15,22,5,11,0,14,8,1,0,5
3284,3,1599,268,4,15,40,5,2,25,0,32,42,8,60,0,13,17,7,16,1,3,0,11,9,4,0,0
3285,4,2256,393,4,20,64,15,3,45,0,57,45,6,90,0,27,15,11,15,11,3,7,16,12,0,4,1
3286,4,2025,355,4,18,57,12,2,38,1,45,31,8,88,1,15,18,13,22,2,2,8,10,13,2,1,1
3287,4,1537,262,4,16,48,7,0,22,0,33,34,4,53,3,16,16,15,18,1,4,2,10,13,1,1,1
3288,4,1950,365,3,28,83,15,7,27,5,40,30,7,55,6,44,29,11,21,43,4,6,7,2,0,2,4
3289,4,2243,362,4,16,69,10,1,29,0,37,46,7,76,3,27,11,17,25,2,7,2,23,10,1,15,5
3291,3,1813,296,4,24,48,18,1,22,0,46,23,1,91,1,11,24,8,7,1,3,8,12,17,0,0,1
3293,4,1804,288,4,16,33,14,4,18,1,45,32,2,95,4,8,18,7,10,3,1,1,8,10,1,0,1
3294,4,2058,305,4,17,45,8,1,21,0,51,32,5,99,0,8,15,5,9,0,9,7,11,9,0,1,0
3295,4,1505,233,4,11,37,5,0,10,0,27,15,13,67,1,11,14,14,23,2,0,1,10,1,0,2,3
3296,4,2189,396,4,17,79,16,4,28,1,47,15,19,103,1,24,15,20,41,1,5,4,26,2,3,3,7
3299,3,2426,378,4,18,59,12,1,22,1,54,55,12,87,10,19,21,7,18,9,8,11,10,3,4,0,4
3305,3,1393,250,4,16,43,15,3,14,3,34,25,6,58,0,13,11,7,14,4,2,5,8,10,0,1,2
3306,2,2402,423,4,21,71,11,4,28,1,61,43,13,83,2,36,28,11,21,10,6,11,17,6,0,2,3
3308,3,1487,241,4,15,57,12,2,9,2,31,14,6,64,3,11,10,11,17,4,8,8,11,9,1,3,1
3309,3,2271,371,4,18,67,17,0,36,2,41,26,10,89,1,17,32,15,21,9,11,6,8,12,1,1,5
3313,3,927,172,4,11,33,14,1,9,1,18,11,3,47,0,10,13,2,4,2,4,4,14,5,1,1,2
3314,3,1541,263,4,16,53,5,0,22,0,27,22,2,58,1,20,26,13,19,3,2,3,16,10,0,2,7
3315,3,1680,284,4,15,41,9,0,26,4,36,22,6,87,2,12,12,10,12,9,4,1,14,1,1,2,2
3316,2,1594,271,4,19,50,6,1,27,5,40,24,3,54,16,12,18,6,7,17,3,6,13,4,0,7,1
3317,2,1688,275,4,16,45,5,2,31,0,40,28,7,71,4,1,14,15,16,7,7,6,2,7,2,1,0
3318,2,1761,335,3,21,60,14,6,35,0,36,22,13,76,1,25,14,22,27,0,6,0,9,18,2,1,2
3322,4,2062,340,4,17,72,9,3,33,2,38,24,9,81,1,17,19,16,23,8,11,8,9,13,3,1,3
3325,3,1796,302,4,21,53,6,2,24,3,46,24,3,85,11,6,13,15,13,22,4,7,2,5,1,0,3
3326,3,1869,335,4,18,56,2,0,47,1,54,43,5,80,0,11,14,13,17,3,6,3,11,16,1,2,2
3327,4,1602,274,4,15,50,10,2,29,4,40,24,2,65,0,15,10,7,9,9,5,4,9,14,3,0,1
3328,3,1653,260,4,16,45,11,1,12,0,35,20,6,75,5,12,7,9,16,1,5,4,16,3,1,1,1
3334,3,1796,298,4,20,71,8,2,19,4,40,14,4,69,0,32,11,11,17,7,9,7,12,19,0,2,4
3337,3,2106,371,4,20,80,12,1,43,1,48,25,2,74,16,6,11,20,23,20,9,11,13,4,3,4,10
3339,3,1966,359,4,23,69,9,5,45,3,40,22,2,79,9,27,17,10,13,29,11,4,6,6,3,1,7
3341,4,1602,284,4,16,51,6,2,13,4,37,32,1,62,4,17,19,16,15,2,7,2,18,7,2,2,0
3342,3,1676,305,4,21,80,5,0,15,1,30,20,8,57,3,34,21,16,27,23,11,2,15,2,3,1,2
3361,3,1700,282,4,19,59,5,0,32,4,39,31,4,78,2,4,10,8,13,1,5,7,10,23,0,2,2
3362,4,1386,219,4,15,44,7,3,15,0,21,26,6,49,1,14,16,8,17,3,2,3,13,6,2,1,3
3347,3,1768,308,4,15,56,11,1,31,1,39,29,6,74,1,20,16,10,20,0,7,4,11,14,0,1,2
3348,3,2068,389,3,23,82,7,1,35,1,51,19,5,79,12,34,25,11,22,26,18,1,11,4,2,2,5
3349,4,2143,361,4,19,65,16,1,29,1,49,37,7,106,1,8,16,14,21,1,8,5,14,16,1,1,0
3350,4,1439,261,4,13,43,9,8,25,2,29,24,7,57,0,16,12,14,15,0,10,1,8,9,1,0,2
3352,3,1787,296,4,14,42,6,1,28,1,32,32,5,85,3,11,22,20,16,15,0,2,5,4,2,2,4
3356,3,1379,205,4,13,54,14,0,8,2,22,23,4,55,2,7,16,6,12,4,19,5,11,3,0,0,2
3357,3,1202,191,4,11,29,6,1,19,2,21,16,8,67,3,4,7,8,12,2,2,3,6,4,0,2,0
3358,3,1767,310,4,19,61,10,0,25,1,45,20,4,63,3,32,22,6,11,28,9,4,7,2,1,2,2
3359,4,1572,265,4,13,41,7,3,28,3,28,30,5,67,1,9,10,16,18,0,3,0,9,11,2,1,1
3364,5,1674,289,4,18,49,11,5,25,1,35,24,8,65,15,9,17,9,14,15,5,4,5,6,1,3,2
3374,3,1739,305,4,25,66,7,1,18,2,26,31,1,67,1,38,13,14,10,28,4,3,19,2,2,4,6
3375,3,1046,186,4,18,41,5,0,13,1,27,10,2,49,9,9,10,3,6,13,1,6,10,5,0,1,1
3380,4,1557,299,3,20,52,10,1,23,1,40,18,2,80,0,29,11,10,8,30,0,5,7,2,1,2,14
3390,4,1862,278,4,14,45,13,0,16,0,42,26,5,93,0,6,18,5,9,0,9,3,18,6,1,1,1
3391,3,1948,309,4,18,66,9,3,17,0,38,20,12,80,0,12,27,9,25,0,10,3,20,8,0,5,2
3392,4,2108,362,4,20,58,11,2,21,1,66,31,2,106,1,18,24,11,9,17,4,5,10,13,1,1,1
3394,4,1295,229,4,10,33,5,0,25,4,28,23,9,65,0,7,8,9,15,0,4,3,7,4,0,0,3
3396,3,1254,202,4,15,42,4,0,17,0,27,12,4,58,5,2,11,13,16,0,4,4,14,4,2,1,0
3399,4,2136,348,4,20,67,14,1,25,1,47,33,8,108,1,7,17,9,20,0,11,7,14,15,1,0,0
3400,4,2176,357,4,19,58,11,0,32,1,43,39,1,95,2,13,18,8,10,0,6,4,22,16,3,1,5
3401,3,1335,241,4,18,38,6,0,30,2,39,13,2,74,0,8,8,7,6,3,3,4,13,9,2,1,0
3402,2,1423,217,5,15,43,4,1,9,0,25,17,4,59,0,12,5,14,13,2,5,4,11,8,3,1,1
3403,4,1676,269,4,13,50,17,1,15,0,33,19,3,63,1,13,24,11,15,0,7,3,10,15,3,0,4
3404,3,1707,305,4,20,54,15,10,38,0,36,30,8,62,6,13,15,8,15,2,6,5,8,18,3,5,1
3405,3,1324,214,4,11,29,10,1,25,1,25,25,6,62,0,5,5,7,13,0,3,0,7,6,1,1,1
3406,4,1462,231,4,16,47,8,2,10,1,30,8,2,71,0,13,10,13,11,2,12,4,9,9,0,0,3
3407,4,1424,239,4,16,39,10,1,23,1,29,23,6,71,1,7,7,8,12,2,3,5,7,10,0,0,0
3408,4,2354,380,4,23,83,15,2,18,0,42,36,9,93,0,19,28,13,23,4,19,1,25,11,1,3,4
3410,3,1674,294,4,21,55,8,0,19,3,47,15,6,83,1,19,12,8,17,3,2,8,22,3,3,0,4
3411,3,1265,200,4,14,39,4,0,11,0,18,20,4,52,1,11,8,12,16,2,6,0,10,5,0,1,2
3412,4,1572,258,4,12,31,7,0,26,0,41,24,0,74,5,14,7,12,6,21,2,2,0,0,1,0,3
3413,4,1788,278,4,16,67,9,0,20,0,29,31,8,78,2,4,10,13,19,0,11,14,12,11,5,0,0
3414,4,2093,339,4,20,58,12,1,20,0,42,37,2,91,1,20,18,15,17,2,9,3,11,16,1,0,0
3416,4,1647,283,4,21,73,6,0,20,0,29,14,9,53,0,25,26,15,25,1,12,10,14,11,0,1,3
3417,4,2020,314,5,19,46,7,0,27,0,46,44,2,94,1,11,10,8,8,1,12,2,9,14,0,0,0
3418,3,1437,228,4,16,37,7,0,15,0,29,15,4,79,0,3,19,6,15,0,1,3,15,3,0,4,0
3419,4,2109,333,4,17,53,6,20,34,0,45,23,12,96,2,15,9,11,21,9,8,6,6,3,4,1,0
3420,3,1983,319,4,14,70,6,1,13,1,47,23,6,71,3,22,21,15,20,8,20,6,10,6,3,0,5
3421,3,1411,243,4,14,43,7,0,21,1,37,14,5,64,0,15,11,8,15,3,4,3,14,4,0,0,2
3422,3,1432,242,4,17,45,7,1,20,2,29,21,6,69,1,4,18,8,13,1,6,4,10,11,2,2,0
3423,4,1596,274,4,17,49,8,3,19,0,28,31,10,71,0,7,24,10,25,3,2,4,9,6,2,0,1
3426,4,1547,258,4,13,41,10,1,25,0,33,29,4,67,2,20,9,6,7,7,2,8,12,5,1,1,1
3427,4,1627,258,4,18,57,11,2,10,0,31,27,6,62,3,5,14,16,17,1,13,6,11,9,2,1,0
3428,4,2091,330,4,20,75,9,0,24,0,38,38,9,91,3,3,13,14,23,1,10,15,16,10,3,0,0
3429,4,2226,359,4,20,61,14,2,24,0,38,38,0,105,0,12,26,12,11,1,5,4,26,14,1,1,3
3430,4,1875,300,4,22,52,10,5,17,2,31,41,5,91,2,6,21,6,13,2,7,7,13,10,1,1,0
3433,4,1846,293,4,17,44,14,2,33,0,32,41,7,81,0,9,12,10,19,9,1,5,6,4,1,1,1
3434,4,1902,306,4,15,53,11,1,33,0,44,20,3,78,10,18,11,8,8,8,14,6,13,4,1,0,0
3437,3,1969,336,4,14,63,13,2,26,1,50,30,8,84,0,23,6,17,17,5,19,6,7,9,2,0,4
3438,2,1195,203,4,23,43,12,3,12,7,26,12,5,44,2,13,15,10,14,1,9,1,10,8,0,1,1
3439,3,1642,310,3,21,51,5,0,43,0,45,25,13,81,0,25,11,7,19,1,5,1,14,11,1,0,2
3440,3,2076,322,4,15,66,9,1,16,0,48,39,14,78,6,17,14,8,28,0,8,6,10,14,2,0,1
3441,3,1957,331,4,24,54,7,5,20,2,40,50,9,82,0,19,20,3,17,5,1,1,13,17,0,4,1
3443,3,1903,296,5,20,63,9,0,10,1,39,19,2,88,2,19,18,18,23,1,4,6,16,13,1,0,1
3444,4,1622,283,4,24,66,8,2,11,2,41,18,13,61,0,24,19,12,28,6,10,1,16,5,0,1,1
3445,2,949,175,4,17,35,9,3,10,0,18,12,7,29,0,16,19,1,12,0,1,2,8,12,0,0,1
3447,4,1908,315,4,16,51,15,2,20,2,32,37,9,89,0,18,13,7,16,1,7,2,20,5,3,1,6
3448,4,1677,270,4,15,53,4,2,35,1,37,19,7,81,0,6,15,2,14,5,13,2,11,8,1,0,2
3449,4,1981,312,4,16,57,11,3,19,0,45,34,0,76,4,24,13,9,6,10,7,10,14,10,1,4,1
3450,4,2004,323,4,19,54,8,0,32,1,41,34,12,86,0,7,29,9,21,3,2,3,14,11,1,0,2
3451,4,2651,420,4,25,87,25,0,25,1,47,40,11,116,4,19,19,5,27,6,14,10,20,10,2,2,1
3452,4,1909,292,4,19,50,17,0,13,0,36,38,10,89,0,10,16,4,14,1,4,8,21,2,1,0,0
3460,4,1913,317,4,23,66,8,0,10,2,41,18,14,82,1,17,18,13,27,13,4,6,15,1,0,0,3
3461,4,1750,317,4,16,61,11,3,36,1,39,18,6,84,0,19,13,13,17,6,22,2,2,12,1,0,1
3462,4,1680,274,4,16,45,6,4,30,1,40,15,5,83,4,10,10,8,12,9,7,5,7,5,0,1,0
3463,2,958,158,4,12,30,4,2,9,1,23,11,8,47,0,10,5,6,17,1,6,0,2,4,1,0,0
3464,3,1523,259,4,19,56,9,1,9,0,32,20,9,53,0,29,14,7,20,3,8,1,20,4,1,8,1
3465,5,2336,412,4,28,70,11,1,32,2,61,19,17,90,2,43,32,11,23,5,1,1,28,12,2,4,2
3466,3,1428,235,4,15,44,8,1,19,0,24,16,11,58,1,22,17,9,17,3,7,2,4,11,1,3,3
3467,4,2243,377,4,20,59,6,5,17,0,64,43,11,101,0,15,13,14,23,2,9,1,12,12,2,1,1
3468,4,1995,327,4,15,50,9,4,10,1,52,27,6,92,1,15,13,19,15,8,9,2,10,6,1,4,2
3469,3,1581,274,4,14,48,12,2,25,2,27,22,10,65,2,13,16,11,16,5,8,3,8,8,1,1,5
3470,2,1178,194,4,11,40,6,0,11,0,25,14,10,46,0,14,7,12,26,0,6,0,5,3,0,0,1
3471,2,1119,199,4,14,33,9,1,13,0,24,15,6,53,0,10,12,10,12,0,12,1,3,5,0,0,1
3472,3,1309,238,4,14,35,14,1,29,3,18,26,9,59,2,5,18,10,17,1,5,3,5,4,0,1,1
3473,2,1491,274,3,14,40,9,2,29,1,33,20,19,65,0,17,22,13,24,5,0,5,2,4,2,0,0
3474,3,1718,284,4,19,52,6,0,28,0,32,23,7,88,2,8,15,8,19,5,5,5,14,4,2,2,1
3475,4,1614,260,4,16,46,11,0,28,0,39,14,5,77,2,5,12,4,11,4,7,5,8,11,4,0,0
3476,5,2308,379,4,21,59,17,1,29,2,45,48,5,97,2,17,17,14,14,8,13,1,16,7,0,1,3
3478,4,2259,347,4,19,66,15,0,32,0,40,27,10,105,5,15,9,9,17,4,22,8,8,7,0,1,2
3479,4,2159,337,4,22,52,12,0,38,1,51,18,11,93,2,12,26,6,12,6,6,11,13,4,2,0,1
3480,2,1231,187,5,10,35,8,0,4,1,24,17,4,59,0,11,10,5,9,2,5,4,7,8,0,1,1
3481,3,1096,191,4,15,41,8,1,14,2,26,13,3,47,0,12,12,4,14,1,10,0,11,5,0,2,1
3482,2,1120,215,3,18,31,10,3,28,2,15,12,5,50,5,15,15,4,10,11,0,3,5,2,1,1,2
3483,4,1706,299,4,19,61,7,1,10,0,41,25,4,74,0,30,12,8,14,1,8,2,29,7,1,11,2
3484,3,1354,247,4,18,43,8,1,34,0,31,12,7,73,0,7,13,6,14,4,8,0,13,4,1,0,1
3485,5,2020,350,4,21,67,15,0,27,2,55,28,17,80,0,20,16,12,22,0,19,4,12,10,2,0,0
3486,3,1138,193,4,14,37,6,0,28,1,19,10,11,46,0,16,9,7,20,0,6,2,2,7,0,0,0
3487,4,1763,318,4,28,55,12,1,29,1,38,19,11,88,4,18,23,7,21,3,4,3,22,2,0,0,4
3489,3,1148,215,3,12,36,9,0,32,0,24,11,9,52,1,13,12,9,16,1,12,0,5,2,0,0,0
3490,3,3089,495,4,28,90,24,1,39,0,57,29,20,159,2,6,29,16,36,0,9,12,26,7,2,4,3
3491,3,1346,227,4,14,40,13,1,20,0,26,15,11,72,2,4,8,6,16,0,7,5,10,2,1,1,1
3492,4,1496,256,4,16,51,12,1,27,1,27,22,7,61,4,13,14,14,22,2,7,1,6,13,2,1,0
3495,4,1621,287,4,19,59,10,1,36,0,27,22,6,80,0,11,10,9,16,0,17,1,16,9,1,0,1
3496,4,1911,349,4,29,69,12,3,24,4,38,32,13,47,29,30,23,18,28,4,8,4,13,12,2,0,2
3497,3,1483,238,4,13,40,8,1,20,1,27,23,6,57,2,11,16,13,17,2,4,3,9,5,1,1,0
3498,3,1249,225,4,16,45,8,0,23,2,30,20,6,54,0,8,17,9,14,1,7,5,9,9,0,0,3
3500,3,1491,254,4,14,48,5,0,28,1,30,20,6,61,0,15,13,12,22,9,5,1,8,3,0,4,1
3501,4,1907,327,4,30,54,7,7,14,1,35,25,7,75,19,13,29,19,19,3,2,3,19,8,0,0,3
3502,4,1806,305,4,18,66,18,1,24,0,29,23,7,71,0,13,26,15,25,1,5,8,15,12,0,0,3
3503,4,1813,318,4,22,68,12,2,15,1,33,28,4,58,3,31,24,12,18,4,3,14,25,4,0,4,1
3505,4,1933,327,4,24,52,10,0,17,8,49,24,9,101,2,18,17,7,12,5,0,1,30,4,4,1,9
3508,4,1761,269,4,20,51,9,0,13,1,31,29,2,81,1,8,11,17,17,4,9,2,13,6,0,0,2
3509,3,1690,276,4,18,47,13,1,22,3,35,22,9,79,0,10,8,10,22,0,1,3,19,2,1,1,2
3510,3,1569,278,4,20,56,11,0,33,0,33,21,5,64,3,14,13,10,16,0,18,2,8,12,0,0,0
3511,2,888,145,4,12,29,6,0,20,1,14,10,0,43,0,7,7,2,2,1,7,0,12,7,1,0,2
3512,3,1391,217,4,13,37,9,0,17,0,26,23,6,51,2,10,17,11,18,0,4,3,5,7,0,0,1
3513,3,1947,353,4,18,64,11,1,17,3,49,37,5,85,7,28,9,15,19,8,6,2,15,14,5,0,2
3514,4,1788,303,4,19,54,8,0,20,0,47,20,5,93,0,12,15,7,17,2,5,3,19,8,1,3,1
3515,2,975,178,4,14,22,13,0,19,3,19,15,7,40,6,13,6,5,11,0,1,1,6,3,1,0,0
3516,5,1661,292,4,26,60,9,1,16,2,33,10,9,91,1,7,13,25,23,3,6,1,22,5,0,0,6
3519,4,1851,282,5,18,45,12,0,17,0,42,25,5,88,2,9,14,7,12,6,4,5,10,8,1,1,0
3520,4,2276,360,5,22,59,7,0,39,0,53,34,9,112,6,4,24,6,16,2,6,11,12,12,0,2,0
3521,3,1312,227,4,11,36,8,0,23,0,38,26,4,57,0,8,8,7,14,1,8,2,6,5,0,0,0
3523,4,1839,323,4,22,54,8,0,32,0,48,24,13,88,0,21,11,8,23,1,4,4,13,9,1,1,1
3526,3,1385,239,4,13,43,12,2,14,1,27,19,0,61,0,11,14,20,19,1,2,0,13,8,0,1,1
3528,3,1410,243,4,12,40,9,2,18,1,34,21,8,67,0,7,12,7,18,7,5,2,5,3,1,2,2
3529,4,1905,340,4,19,69,11,4,40,0,39,22,13,82,2,25,19,10,25,4,17,2,11,10,1,2,3
3530,3,1306,219,4,21,36,12,2,16,1,28,17,9,55,0,14,14,3,14,0,4,2,12,4,0,0,1
3531,3,1242,214,4,12,35,9,2,23,1,28,22,4,52,0,10,6,9,14,5,2,2,4,8,0,2,0
3532,3,1591,236,5,16,38,6,2,17,0,24,23,11,75,0,8,16,5,13,0,5,2,8,10,1,0,2
3533,3,948,152,4,9,29,3,1,18,0,20,8,4,42,2,4,12,3,6,2,4,4,5,8,2,0,0
3534,4,1301,211,4,11,35,5,1,17,1,34,19,1,58,7,10,6,7,8,9,2,5,10,1,3,0,3
3535,3,1508,274,4,24,50,10,0,22,0,33,25,7,51,3,29,19,9,19,12,0,0,13,6,2,2,1
3536,3,2004,326,4,22,51,16,2,31,0,27,49,16,98,7,7,11,5,19,5,8,6,7,6,0,1,1
3537,5,2236,368,4,28,62,5,1,29,1,52,24,14,98,6,25,22,9,23,2,5,3,10,19,3,1,1
3538,4,1486,236,4,11,51,5,1,17,1,38,24,2,56,1,10,3,12,16,5,11,3,6,10,2,1,0
3539,4,1976,331,4,25,53,15,2,36,1,34,32,11,100,0,8,23,7,18,2,6,1,12,14,0,0,1
3540,3,1266,208,4,13,43,8,1,10,1,20,16,0,52,0,15,19,8,7,1,1,1,28,5,4,0,5
3541,4,2299,404,4,25,60,14,0,34,0,50,35,18,121,5,18,22,12,29,1,5,5,10,10,2,2,4
3542,4,2525,394,4,27,72,20,0,45,0,31,35,10,101,13,12,13,18,32,8,9,3,13,7,0,1,2
3544,3,1501,234,4,12,38,9,3,19,1,32,32,8,65,0,4,13,5,18,1,4,4,8,3,0,0,0
3546,3,1667,295,4,25,46,19,0,28,0,42,22,5,75,1,22,25,4,12,1,9,0,16,8,1,1,1
3547,2,1425,257,4,23,34,10,3,22,2,36,26,12,66,3,17,12,4,17,0,1,2,12,2,0,0,0
3548,3,1530,247,4,17,49,10,5,19,1,38,16,5,61,4,8,16,9,11,3,11,5,4,15,0,0,1
3549,4,2145,367,4,18,61,12,0,32,0,52,41,4,97,4,24,11,10,13,6,9,6,13,14,3,0,2
3550,4,1797,286,4,19,62,12,1,17,0,30,14,7,88,0,6,20,12,20,0,10,4,23,5,2,4,0
3552,3,1319,213,4,18,48,6,2,8,1,17,19,11,54,2,6,13,16,20,2,8,4,6,8,1,1,2
3553,4,2152,371,4,22,63,14,1,17,1,42,52,16,73,0,39,17,14,33,7,2,2,17,2,0,2,3
3554,5,1641,296,4,21,61,10,3,7,1,32,26,4,62,2,29,27,15,23,0,7,0,26,5,0,0,1
3556,3,2389,388,4,26,63,15,3,25,0,42,51,15,108,1,18,21,18,26,16,5,2,7,7,1,0,1
3558,3,1536,265,4,20,52,13,4,22,2,31,13,16,56,2,21,14,2,21,1,9,3,13,5,0,3,7
3559,3,1328,218,4,15,37,5,3,30,2,20,20,5,61,2,4,10,3,7,3,7,5,4,11,1,1,0
3561,3,1873,325,4,24,48,12,2,39,2,39,28,13,96,3,8,16,12,22,1,2,2,8,13,1,0,0
3562,4,2067,341,4,21,63,10,1,25,1,49,22,11,101,8,8,15,11,24,7,9,7,13,3,3,2,4
3564,4,1930,299,4,22,47,15,4,30,0,29,23,8,97,11,2,14,9,16,1,3,5,16,6,3,0,0
3565,3,1537,266,4,14,44,14,2,22,1,37,14,8,60,3,16,31,7,18,8,3,1,13,1,1,0,3
3566,3,1469,237,4,15,39,4,4,19,0,38,24,9,70,1,10,10,4,12,0,2,10,4,11,0,0,0
3567,3,1030,165,4,9,28,2,1,11,0,28,17,8,50,0,5,11,6,12,3,2,4,1,6,0,0,0
3568,5,2093,346,4,22,64,17,1,20,0,53,25,6,98,1,8,18,15,22,2,17,2,15,6,2,0,2
3569,4,1081,158,5,12,33,6,0,11,2,24,6,5,47,0,4,11,4,12,0,1,2,9,9,2,1,0
3570,3,1303,212,4,15,36,7,1,21,1,24,24,5,58,0,7,10,14,17,3,3,2,6,5,0,1,2
3571,4,1572,275,4,13,56,12,1,16,0,54,13,5,64,0,17,12,5,12,6,15,2,7,14,0,0,1
3572,3,1408,237,4,19,43,11,0,24,3,23,16,7,70,0,15,17,7,16,1,2,5,11,8,0,1,1
3575,4,1696,311,4,18,62,10,3,16,0,37,28,8,72,6,24,18,14,24,0,10,1,19,8,0,1,2
3577,4,1965,351,4,22,65,12,0,16,0,45,22,5,83,1,24,17,21,28,8,8,0,17,4,1,2,2
3578,3,1951,295,5,17,44,14,3,17,0,44,35,6,81,8,6,17,8,16,5,9,1,5,8,0,0,2
3580,3,2041,353,4,14,58,6,1,32,2,50,39,5,89,2,17,12,10,11,12,7,9,7,12,4,2,4
3584,3,1706,293,4,22,54,13,3,11,4,34,31,9,76,0,15,22,12,18,2,7,3,17,7,0,1,4
3585,2,1057,198,4,14,28,10,1,30,0,21,18,5,47,0,16,6,7,8,4,0,0,6,10,1,3,1
3588,3,1679,276,4,23,60,16,3,20,0,27,10,15,67,0,12,9,9,26,0,7,8,11,8,1,0,5
3593,2,1463,273,3,28,54,18,0,25,0,28,25,4,41,0,38,29,4,13,11,2,0,23,5,1,3,2
3594,2,1459,242,4,19,45,7,2,24,1,33,17,2,56,2,15,17,7,8,10,0,8,14,5,0,3,0
3595,2,1315,210,4,13,42,6,3,20,1,22,13,6,52,2,6,20,3,14,2,3,2,10,11,0,3,4
3596,3,1040,183,4,12,31,4,0,28,4,19,20,0,44,2,5,11,9,10,0,2,1,10,8,0,1,0
3597,3,1206,211,4,16,36,3,1,32,2,22,29,8,45,1,9,8,6,14,5,6,2,7,2,1,0,1
3598,4,1483,231,5,14,41,4,1,19,1,23,24,10,70,0,6,15,9,20,0,1,3,10,7,0,0,2
3599,4,1230,207,4,13,36,7,1,18,0,30,21,0,55,0,11,19,6,7,1,2,4,11,11,0,0,1
3600,3,1540,241,4,14,38,10,1,23,0,35,21,14,56,0,9,15,2,18,1,4,4,8,3,4,0,0
3601,4,1840,315,4,16,56,11,2,25,2,44,38,5,72,2,17,13,14,14,3,15,1,11,12,1,0,1
3602,4,1561,287,3,13,64,10,3,21,2,36,20,7,58,0,19,9,23,25,0,14,2,12,11,3,0,6
3603,4,1242,196,4,12,40,7,2,12,1,26,10,4,64,0,6,10,4,6,3,6,8,10,7,2,0,1
3604,4,1391,223,4,10,34,5,0,25,3,31,24,12,62,1,7,8,1,13,0,5,5,7,4,2,0,1
3605,1,330,66,3,5,13,4,0,6,0,9,4,2,10,2,7,4,2,5,0,0,0,5,3,1,0,0
3606,2,1118,196,4,20,32,13,2,14,1,26,19,6,43,1,13,13,2,9,0,1,2,17,3,0,1,0
3607,3,2007,320,4,19,68,10,1,29,0,35,13,3,85,0,14,16,24,24,8,8,6,15,7,1,6,3
3608,4,1031,204,3,13,34,8,0,27,0,27,15,12,47,5,11,6,10,20,0,2,2,4,6,0,0,0
3610,3,1461,264,4,18,49,5,1,48,0,30,20,6,67,3,11,11,6,14,2,8,5,9,11,1,2,5
3611,3,1502,264,4,18,48,9,2,25,0,25,30,6,48,24,13,9,11,15,2,4,5,13,9,6,0,1
3612,4,1974,341,4,21,63,11,2,27,0,43,33,9,70,17,29,14,9,17,9,12,6,13,6,1,4,3
3613,3,1106,201,4,10,35,3,2,21,0,29,19,6,30,21,15,8,7,13,1,0,5,6,10,3,1,2
3614,3,1097,199,4,10,41,7,0,23,0,19,10,11,42,1,12,17,8,17,0,4,8,3,9,3,0,2
3615,4,1247,195,4,11,38,6,0,8,1,24,13,7,55,0,9,15,7,16,1,3,1,12,5,0,1,4
3617,4,1787,310,4,17,55,8,1,38,0,41,17,13,80,0,15,9,14,28,1,5,4,8,9,3,0,2
3618,4,1595,253,4,15,51,4,1,13,1,43,20,6,61,2,10,8,15,22,4,12,3,7,3,0,0,0
3619,3,1316,227,4,13,53,9,0,10,0,38,9,6,58,1,9,17,11,19,1,12,3,6,12,2,1,1
3620,4,1300,225,4,14,42,9,2,9,1,38,12,9,47,0,21,19,10,20,0,2,2,12,6,0,1,1
3621,3,1641,304,4,17,58,9,2,21,0,38,16,13,62,0,26,18,16,33,0,0,5,15,5,2,3,0
3622,3,1745,284,4,18,54,12,0,30,1,32,19,11,75,2,14,15,5,18,0,6,3,13,14,5,1,1
3623,4,1664,288,4,16,60,13,1,21,0,30,34,4,70,1,11,13,17,20,0,4,5,14,17,4,3,0
3625,3,1624,256,4,17,43,8,0,39,1,26,20,7,79,0,2,8,9,17,3,5,1,13,4,0,2,0
3626,4,1327,214,4,13,49,8,1,10,1,26,17,1,49,2,12,18,15,21,6,7,3,3,9,2,0,2
3628,4,2150,344,4,23,70,15,1,15,0,44,38,5,91,0,8,16,15,23,0,15,1,24,7,2,0,7
3630,3,1374,234,4,22,37,16,1,22,1,40,22,7,46,0,24,8,4,8,4,9,0,8,8,0,1,1
3632,4,1310,256,3,15,55,12,0,27,3,39,11,13,37,1,25,16,7,21,3,8,8,10,5,4,0,1
3633,3,1691,292,4,21,68,12,3,6,1,39,17,5,71,0,25,12,19,27,0,15,2,17,7,2,1,0
3634,4,1669,277,4,20,66,7,1,26,2,29,22,9,57,1,13,31,10,23,1,5,10,20,7,3,0,1
3635,4,1489,244,4,15,45,12,3,21,0,25,28,6,48,1,12,21,7,16,0,5,3,13,8,2,2,3
3636,4,1623,272,4,10,54,13,0,22,2,44,24,3,58,0,18,6,14,13,3,11,4,10,13,1,1,0
3637,4,1707,270,4,13,52,7,0,9,3,42,39,2,63,1,10,23,12,13,7,7,5,16,4,1,0,1
3638,4,1777,291,4,19,54,11,2,22,0,48,20,7,87,10,3,3,3,13,7,8,5,20,1,6,1,5
3639,3,1315,204,4,13,44,8,0,12,0,27,16,3,52,0,16,15,5,10,0,10,5,8,11,3,0,1
3640,3,1662,291,4,14,58,17,0,12,1,24,25,8,66,3,27,18,15,25,3,5,1,14,10,4,0,2
3641,4,1449,280,3,19,54,12,2,25,1,33,14,10,46,9,40,23,11,21,9,1,3,16,4,0,4,5
3642,3,1527,252,4,17,39,7,5,10,2,42,23,3,70,0,17,11,9,13,0,7,0,13,6,0,1,2
3643,4,1806,311,4,18,63,10,1,24,4,38,18,8,70,0,28,17,14,24,0,6,2,22,9,2,0,3
3644,4,1803,347,3,22,61,11,3,24,1,42,23,1,80,2,27,12,7,12,4,6,13,14,12,5,2,0
3645,3,1879,279,5,14,42,22,1,13,1,35,28,5,89,3,6,12,6,14,0,0,5,19,4,5,1,0
3646,2,1689,302,4,27,46,14,3,28,1,38,21,3,78,2,29,17,4,11,6,1,1,23,4,2,1,3
3647,4,1575,250,4,17,58,8,0,12,1,33,11,3,72,0,14,15,9,21,0,11,1,22,3,1,0,3
3648,4,1347,222,4,12,40,10,1,19,1,36,17,0,59,2,8,10,8,11,7,4,4,9,5,1,1,1
3650,4,1456,240,4,13,49,7,2,17,1,29,16,1,62,1,12,11,20,19,4,7,1,11,7,2,0,0
3651,4,1685,272,4,17,48,8,2,18,1,44,31,7,77,1,8,21,4,12,7,6,7,10,6,1,2,0
3652,4,1505,246,4,15,42,6,4,13,1,34,30,4,58,1,17,19,8,11,10,1,1,14,5,3,1,1
3655,3,1556,273,4,12,64,10,0,12,1,36,22,4,44,0,30,21,10,15,2,2,5,33,7,7,6,0
3657,4,1554,267,4,17,49,8,0,25,2,38,16,7,64,2,20,15,10,20,11,3,0,10,5,3,1,5
3659,3,1572,255,4,10,48,16,0,11,1,30,28,2,76,0,14,8,11,11,1,8,4,14,10,5,1,0
3664,3,1730,288,4,11,52,15,2,20,0,34,37,3,73,1,9,14,15,17,0,3,7,15,10,1,0,1
3666,3,1229,224,4,18,43,8,1,10,3,25,23,7,54,1,10,11,14,23,0,3,1,11,5,0,0,3
3675,4,2101,407,3,28,94,13,2,37,1,48,24,19,74,2,37,29,19,39,5,4,11,17,18,2,0,5
3678,4,1499,261,4,24,71,12,1,12,0,23,16,1,54,1,29,22,12,20,6,14,1,21,9,0,1,2
3679,3,1021,171,4,9,30,6,0,7,0,22,11,1,50,0,13,8,5,5,6,1,0,14,4,0,1,2
3685,4,2285,433,3,27,98,26,4,39,2,57,24,15,76,0,50,22,15,36,3,18,6,25,10,2,2,1
3686,3,1396,252,3,23,60,5,1,6,0,30,18,5,55,1,25,16,11,18,13,5,4,16,4,1,3,1
3688,3,854,162,3,11,24,6,1,12,0,21,11,1,31,10,15,12,5,5,6,0,1,6,6,1,1,1
3703,4,1315,251,3,23,63,10,0,13,0,23,13,5,53,1,35,12,13,23,8,4,4,22,2,3,0,1
3727,5,2513,470,3,28,106,28,3,43,2,61,29,17,83,0,50,24,17,38,3,23,7,25,10,1,3,1
3734,4,1573,267,4,16,53,9,3,20,1,35,28,7,66,0,11,18,8,17,3,4,7,11,11,4,0,1
3735,3,1442,233,4,16,38,7,2,14,3,30,23,6,62,3,13,12,3,9,2,4,2,16,5,4,1,1
3746,3,1221,210,4,18,43,7,0,16,0,25,22,8,51,1,10,11,7,18,1,4,6,12,2,0,0,1
3749,4,1565,261,4,16,44,7,0,26,3,42,20,4,72,1,11,16,8,13,6,9,1,15,0,1,1,0
3751,4,1512,238,4,14,42,7,0,15,1,31,15,5,71,1,12,18,10,13,14,5,1,6,3,1,1,0
3752,4,1682,261,4,15,40,4,2,11,1,38,17,7,85,0,10,15,8,13,6,1,3,10,7,1,5,0
3756,4,1670,293,4,15,46,13,0,39,2,40,24,8,59,3,23,19,6,15,3,5,6,11,6,0,1,2
3760,3,1397,221,4,12,38,11,0,11,1,28,23,2,63,1,13,18,8,10,4,4,1,14,5,0,0,3
3764,3,1474,241,4,16,43,8,0,16,0,35,24,2,55,2,12,18,14,18,1,4,3,13,4,0,1,0
3765,4,1340,226,4,13,34,7,0,24,1,30,17,10,61,1,13,16,4,15,1,3,4,6,5,2,0,0
3766,4,1399,242,4,12,51,5,3,26,1,28,26,4,50,6,13,12,5,9,3,12,5,11,11,5,2,1
3770,4,1632,249,4,14,50,11,1,10,1,36,16,8,70,1,8,11,15,23,3,7,4,7,6,1,0,0
3771,3,1835,311,4,20,54,3,2,39,2,42,39,4,69,9,12,12,15,17,1,7,9,6,14,2,1,1
3773,3,1142,194,4,14,25,11,1,17,0,28,16,4,61,0,15,6,2,7,5,5,0,7,1,1,0,3
3782,4,1242,211,4,19,36,14,0,12,4,21,37,4,51,4,10,9,6,10,0,5,0,18,3,0,0,0
3786,4,1852,339,3,30,86,11,1,13,0,44,17,9,79,1,26,22,24,39,11,10,1,21,4,0,0,1
3787,4,1879,331,4,28,65,5,3,36,0,41,28,8,88,0,15,18,12,15,7,11,4,16,12,2,1,2
3794,3,2144,351,4,23,50,19,1,25,3,40,40,13,84,7,25,17,12,22,2,4,4,12,6,1,0,1
3807,4,1165,235,3,16,56,6,0,13,0,19,16,12,37,0,35,16,9,30,1,4,1,12,8,0,5,1
3811,4,2373,385,4,23,69,9,5,28,8,49,28,4,98,16,23,20,15,19,3,3,2,29,13,0,2,2
3820,3,2158,365,4,23,59,10,4,43,2,51,26,12,95,11,12,12,10,19,8,9,5,5,13,4,1,2
3824,4,2041,359,4,29,67,12,7,34,1,35,37,13,75,5,19,17,11,22,3,10,4,11,17,1,4,5
3827,5,3720,596,4,35,106,17,1,47,2,80,68,15,146,1,32,54,17,32,5,9,16,20,24,4,0,4
3836,4,2289,387,4,30,79,22,2,32,1,53,24,9,104,1,15,21,11,28,2,10,6,26,7,2,0,4
3840,3,933,154,4,11,40,3,0,6,1,13,7,6,32,0,14,15,6,13,8,5,3,8,3,2,0,2
3843,3,2265,376,4,22,71,12,4,39,1,47,35,8,90,5,16,19,12,22,2,9,7,13,18,3,2,0
3855,3,1413,238,4,18,51,11,2,15,0,23,14,5,68,3,16,7,8,15,10,2,8,15,1,0,0,3
3856,3,1117,200,4,15,38,10,0,17,0,24,8,5,65,0,10,11,6,13,3,7,2,8,5,0,0,1
3860,4,2555,467,3,28,90,16,6,46,3,45,51,22,84,0,37,34,27,46,5,7,6,20,6,3,2,0
3861,3,3353,535,4,29,99,14,1,39,3,74,48,19,137,7,19,34,14,30,7,9,18,19,16,4,5,9
3862,4,1354,254,3,21,65,11,0,17,0,22,16,4,55,0,35,12,13,22,4,7,3,25,4,3,0,0
3863,4,2379,431,3,26,84,18,3,32,4,55,32,9,89,2,28,44,13,20,5,6,9,27,17,6,2,2
3871,4,3399,617,3,36,141,25,7,61,2,60,41,18,102,3,70,60,19,44,30,13,13,26,15,3,4,4
3873,3,1902,349,3,32,88,9,1,15,0,46,17,9,78,1,27,24,23,39,10,10,1,24,4,0,1,3
3874,3,739,126,4,10,30,5,0,7,1,16,3,2,38,0,8,6,9,14,0,0,0,15,1,0,0,0
3875,4,1223,246,3,17,59,6,0,14,0,20,17,12,40,0,36,17,9,31,1,4,1,14,8,0,5,2
3908,3,1741,293,4,16,43,20,2,17,0,37,36,4,77,0,17,20,7,10,0,2,4,18,9,2,1,0
3912,4,1462,255,4,12,56,9,1,13,2,24,21,7,59,1,15,19,7,14,6,8,7,14,7,5,2,7
3913,4,2309,402,4,29,73,17,10,43,3,41,23,3,107,2,14,32,15,13,26,3,12,12,7,6,1,0
3928,4,2700,448,4,22,67,13,5,36,2,80,51,2,133,8,8,22,12,14,10,6,11,17,9,2,4,3
3930,3,1971,346,4,20,62,10,6,42,0,53,24,7,83,0,17,21,6,14,11,17,7,5,8,0,1,3
3932,3,3785,578,5,31,97,12,2,66,1,92,75,2,154,7,12,39,9,10,12,6,28,13,28,6,4,1
3935,4,1679,256,4,14,46,9,0,12,2,34,20,7,78,1,10,14,14,21,6,5,2,6,6,0,0,3
3940,3,1674,277,4,15,48,12,2,11,2,35,35,0,78,0,8,22,12,13,5,11,0,11,8,0,1,0
3948,4,1793,273,4,16,53,6,1,18,0,40,27,5,74,3,6,13,15,19,7,4,6,6,11,3,1,1
3952,5,3066,497,4,23,84,15,7,45,1,84,59,8,130,1,7,33,6,15,2,4,18,18,27,1,6,2
3965,4,1563,255,4,16,52,10,4,16,1,30,24,1,68,0,13,13,10,15,5,12,0,14,6,0,1,0
3967,4,2042,358,4,22,65,16,2,38,1,37,35,8,85,0,16,28,18,21,0,17,2,12,13,3,1,2
4086,3,3136,517,4,30,96,23,1,42,0,74,40,7,131,7,19,38,18,28,0,9,10,16,33,6,3,1
4091,4,1682,244,5,15,36,12,0,20,1,34,35,5,70,3,4,11,5,11,5,1,3,13,3,0,0,1
4096,3,2877,430,5,22,56,12,1,41,3,68,53,11,126,7,3,30,10,17,1,2,10,8,18,5,3,1
4117,4,1575,281,4,18,47,12,0,26,1,28,28,15,68,0,21,20,5,19,0,4,0,16,8,2,0,6
4118,3,1517,268,4,15,41,15,0,21,0,38,23,9,69,0,17,18,5,15,3,2,4,5,12,0,0,3
4120,4,1506,242,4,13,42,9,0,33,2,39,21,2,62,2,8,12,6,11,8,10,1,5,7,0,1,0
4125,3,1842,286,5,22,46,6,0,13,1,33,39,4,83,10,15,13,12,16,0,2,1,24,3,1,2,1
